date,consumption_mwh
2014-01-01,2576975.9
2014-01-02,2532162.7
2014-01-03,2595773.9
2014-01-04,2666409.3
2014-01-05,2383449.1
2014-01-06,2539193.9
2014-01-07,2682124.6
2014-01-08,2623504.2
2014-01-09,2531963.1
2014-01-10,2613675.1
2014-01-11,2539698.3
2014-01-12,2390576.1
2014-01-13,2601656.5
2014-01-14,2438150.9
2014-01-15,2456291.2
2014-01-16,2550296.4
2014-01-17,2518843.9
2014-01-18,2626027.0
2014-01-19,2382202.8
2014-01-20,2498412.2
2014-01-21,2727552.2
2014-01-22,2598673.4
2014-01-23,2625420.0
2014-01-24,2511675.7
2014-01-25,2584619.6
2014-01-26,2481587.7
2014-01-27,2543939.8
2014-01-28,2668346.0
2014-01-29,2594668.1
2014-01-30,2622788.0
2014-01-31,2601764.2
2014-02-01,2800665.4
2014-02-02,2496430.6
2014-02-03,2576041.1
2014-02-04,2729792.1
2014-02-05,2569925.1
2014-02-06,2687921.7
2014-02-07,2517474.5
2014-02-08,2571522.8
2014-02-09,2535718.2
2014-02-10,2744696.5
2014-02-11,2702481.4
2014-02-12,2682745.1
2014-02-13,2671137.6
2014-02-14,2579151.4
2014-02-15,2643854.0
2014-02-16,2508052.3
2014-02-17,2794726.3
2014-02-18,2740038.3
2014-02-19,2571694.6
2014-02-20,2744939.7
2014-02-21,2690232.4
2014-02-22,2669472.0
2014-02-23,2611284.1
2014-02-24,2815434.9
2014-02-25,2810375.4
2014-02-26,2668073.2
2014-02-27,2714515.2
2014-02-28,2770102.0
2014-03-01,2826073.6
2014-03-02,2546495.3
2014-03-03,2736015.2
2014-03-04,2662680.1
2014-03-05,2657863.7
2014-03-06,2826721.0
2014-03-07,2874456.5
2014-03-08,2758676.2
2014-03-09,2679455.7
2014-03-10,2799705.5
2014-03-11,2718441.2
2014-03-12,2804557.6
2014-03-13,2904939.9
2014-03-14,2776116.0
2014-03-15,2911895.6
2014-03-16,2410879.4
2014-03-17,2854352.8
2014-03-18,2795031.7
2014-03-19,2764759.8
2014-03-20,2799450.3
2014-03-21,2627112.3
2014-03-22,2777141.8
2014-03-23,2657711.9
2014-03-24,2923252.7
2014-03-25,2757307.7
2014-03-26,2734533.8
2014-03-27,2761894.9
2014-03-28,2882692.3
2014-03-29,2834811.1
2014-03-30,2598079.7
2014-03-31,2853184.1
2014-04-01,2819412.5
2014-04-02,2894203.5
2014-04-03,2754405.1
2014-04-04,2787127.6
2014-04-05,2782744.5
2014-04-06,2531611.3
2014-04-07,2842863.9
2014-04-08,2840797.6
2014-04-09,2819985.3
2014-04-10,2800473.9
2014-04-11,2701246.5
2014-04-12,2786070.1
2014-04-13,2625651.9
2014-04-14,2754848.1
2014-04-15,2809589.9
2014-04-16,2857878.2
2014-04-17,2983787.4
2014-04-18,2839058.9
2014-04-19,2846305.8
2014-04-20,2649227.5
2014-04-21,2662126.6
2014-04-22,2822509.0
2014-04-23,2829827.1
2014-04-24,3033360.7
2014-04-25,2808172.3
2014-04-26,2849802.9
2014-04-27,2651770.8
2014-04-28,2724634.4
2014-04-29,2920022.5
2014-04-30,2886440.7
2014-05-01,2889213.9
2014-05-02,2744674.0
2014-05-03,2939725.1
2014-05-04,2539588.5
2014-05-05,2869171.4
2014-05-06,3003931.4
2014-05-07,2734082.3
2014-05-08,2769014.7
2014-05-09,2824282.8
2014-05-10,2772284.9
2014-05-11,2521818.5
2014-05-12,2818282.0
2014-05-13,2721666.4
2014-05-14,2849886.5
2014-05-15,2731141.7
2014-05-16,2937731.6
2014-05-17,2739809.6
2014-05-18,2610496.3
2014-05-19,2871042.7
2014-05-20,2697583.3
2014-05-21,2818432.1
2014-05-22,2907298.9
2014-05-23,2660977.5
2014-05-24,2809437.8
2014-05-25,2645006.6
2014-05-26,2855565.3
2014-05-27,2684665.4
2014-05-28,2675716.8
2014-05-29,2827582.1
2014-05-30,2806632.0
2014-05-31,2800545.0
2014-06-01,2637908.5
2014-06-02,3439216.0
2014-06-03,2792124.3
2014-06-04,2794787.5
2014-06-05,2708690.0
2014-06-06,2920343.6
2014-06-07,2802317.9
2014-06-08,2502125.8
2014-06-09,2812226.0
2014-06-10,2674709.7
2014-06-11,2817602.3
2014-06-12,2845479.1
2014-06-13,2679516.7
2014-06-14,2823686.0
2014-06-15,2608970.9
2014-06-16,2806238.1
2014-06-17,2891486.0
2014-06-18,2712767.4
2014-06-19,2668201.5
2014-06-20,2654174.6
2014-06-21,2657260.5
2014-06-22,2551710.7
2014-06-23,2745618.6
2014-06-24,2737232.7
2014-06-25,2778856.3
2014-06-26,2709466.4
2014-06-27,2823191.7
2014-06-28,2680567.6
2014-06-29,2743884.6
2014-06-30,2746134.6
2014-07-01,2623035.5
2014-07-02,2602585.3
2014-07-03,2724533.9
2014-07-04,2664348.9
2014-07-05,2736367.5
2014-07-06,2550790.1
2014-07-07,2666403.6
2014-07-08,2601051.0
2014-07-09,2544312.6
2014-07-10,3098647.5
2014-07-11,2726904.9
2014-07-12,2672216.5
2014-07-13,2399459.4
2014-07-14,2662022.0
2014-07-15,2675375.6
2014-07-16,2571300.3
2014-07-17,2650032.3
2014-07-18,2638994.1
2014-07-19,2540706.2
2014-07-20,2496304.5
2014-07-21,2668108.5
2014-07-22,2705631.8
2014-07-23,2699748.6
2014-07-24,2505525.3
2014-07-25,2536642.7
2014-07-26,2646890.0
2014-07-27,2484686.8
2014-07-28,2639881.3
2014-07-29,2896354.9
2014-07-30,2637249.7
2014-07-31,2677637.3
2014-08-01,2660027.8
2014-08-02,2633089.8
2014-08-03,2401554.2
2014-08-04,2634523.3
2014-08-05,2512879.1
2014-08-06,2550935.6
2014-08-07,2528511.2
2014-08-08,2568869.8
2014-08-09,2737015.4
2014-08-10,2268086.5
2014-08-11,2605364.7
2014-08-12,2426243.4
2014-08-13,2510357.4
2014-08-14,2626331.1
2014-08-15,2545008.9
2014-08-16,2454973.8
2014-08-17,2330771.0
2014-08-18,2582465.5
2014-08-19,2472455.7
2014-08-20,2541246.7
2014-08-21,2525338.0
2014-08-22,2469721.3
2014-08-23,2677896.5
2014-08-24,2407342.0
2014-08-25,2357865.6
2014-08-26,2521619.7
2014-08-27,2455111.3
2014-08-28,2566114.4
2014-08-29,2440026.3
2014-08-30,2488222.5
2014-08-31,2380087.6
2014-09-01,2556382.9
2014-09-02,2399524.0
2014-09-03,2461732.7
2014-09-04,2448864.6
2014-09-05,2433235.7
2014-09-06,2610869.9
2014-09-07,2356910.4
2014-09-08,2381389.6
2014-09-09,2540905.6
2014-09-10,2627960.5
2014-09-11,2545028.1
2014-09-12,2354090.1
2014-09-13,2428714.4
2014-09-14,2402792.9
2014-09-15,2408428.6
2014-09-16,2491560.7
2014-09-17,2514127.6
2014-09-18,2387011.4
2014-09-19,2449219.1
2014-09-20,2213543.2
2014-09-21,2232579.9
2014-09-22,2430311.2
2014-09-23,2355784.3
2014-09-24,2565773.7
2014-09-25,2339748.3
2014-09-26,2411080.8
2014-09-27,2451674.8
2014-09-28,2393668.0
2014-09-29,2334695.0
2014-09-30,2523825.5
2014-10-01,2438469.2
2014-10-02,2365023.2
2014-10-03,2469657.3
2014-10-04,2449603.8
2014-10-05,2247035.4
2014-10-06,2438687.3
2014-10-07,2404823.5
2014-10-08,2440647.4
2014-10-09,2480148.2
2014-10-10,2547068.6
2014-10-11,2340710.6
2014-10-12,2431015.9
2014-10-13,2288044.3
2014-10-14,2419095.4
2014-10-15,2472900.2
2014-10-16,2450408.1
2014-10-17,2384506.8
2014-10-18,2414765.8
2014-10-19,2250451.8
2014-10-20,2387232.8
2014-10-21,2492373.6
2014-10-22,2456749.1
2014-10-23,2380530.6
2014-10-24,2497100.0
2014-10-25,2454375.2
2014-10-26,2342303.0
2014-10-27,2479052.0
2014-10-28,2373229.0
2014-10-29,2393568.1
2014-10-30,2489862.7
2014-10-31,2480722.7
2014-11-01,2435495.9
2014-11-02,2299781.3
2014-11-03,2532513.7
2014-11-04,2396813.0
2014-11-05,2481339.1
2014-11-06,2427667.8
2014-11-07,2427797.1
2014-11-08,2525686.1
2014-11-09,2356636.4
2014-11-10,2507671.4
2014-11-11,2545368.0
2014-11-12,2452548.1
2014-11-13,2502804.9
2014-11-14,2431463.9
2014-11-15,2479931.5
2014-11-16,2301349.7
2014-11-17,2466847.6
2014-11-18,2505546.3
2014-11-19,2403083.1
2014-11-20,2620336.8
2014-11-21,2393162.1
2014-11-22,2379794.8
2014-11-23,2404344.9
2014-11-24,2532916.7
2014-11-25,2522800.0
2014-11-26,2525484.9
2014-11-27,2480225.0
2014-11-28,2416711.6
2014-11-29,2491692.1
2014-11-30,2291726.6
2014-12-01,2564007.0
2014-12-02,2482748.0
2014-12-03,2434589.4
2014-12-04,2475025.7
2014-12-05,2532866.9
2014-12-06,2462311.8
2014-12-07,2298918.0
2014-12-08,2528742.9
2014-12-09,2531783.1
2014-12-10,2478007.4
2014-12-11,2483677.7
2014-12-12,2539878.3
2014-12-13,2415688.6
2014-12-14,2276445.5
2014-12-15,2477100.7
2014-12-16,2518622.3
2014-12-17,2561749.0
2014-12-18,2653812.2
2014-12-19,2610091.5
2014-12-20,2535713.0
2014-12-21,2396843.0
2014-12-22,2477834.4
2014-12-23,2556656.1
2014-12-24,2539331.2
2014-12-25,2589809.4
2014-12-26,2504724.1
2014-12-27,2612051.9
2014-12-28,2532308.4
2014-12-29,2570662.8
2014-12-30,2613784.9
2014-12-31,2639810.5
2015-01-01,2558713.3
2015-01-02,2610964.4
2015-01-03,2598169.5
2015-01-04,2451976.9
2015-01-05,2544156.3
2015-01-06,2610181.3
2015-01-07,2651006.5
2015-01-08,2729589.7
2015-01-09,2694843.6
2015-01-10,2792662.8
2015-01-11,2412514.3
2015-01-12,2699596.6
2015-01-13,2649020.6
2015-01-14,2811637.0
2015-01-15,2578037.3
2015-01-16,2579245.2
2015-01-17,2602050.5
2015-01-18,2335357.8
2015-01-19,2615382.5
2015-01-20,2600490.4
2015-01-21,2676915.2
2015-01-22,2696047.9
2015-01-23,2822898.8
2015-01-24,2752572.2
2015-01-25,2475641.9
2015-01-26,2611483.8
2015-01-27,2727247.5
2015-01-28,2584746.1
2015-01-29,2843167.2
2015-01-30,2794317.5
2015-01-31,2664508.6
2015-02-01,2413141.9
2015-02-02,2820021.3
2015-02-03,2704308.9
2015-02-04,2818202.7
2015-02-05,2590793.0
2015-02-06,2675579.9
2015-02-07,2728608.3
2015-02-08,2571479.7
2015-02-09,2698399.9
2015-02-10,2790052.7
2015-02-11,2654559.7
2015-02-12,2734160.9
2015-02-13,2759280.8
2015-02-14,2795285.6
2015-02-15,2646153.4
2015-02-16,2666495.1
2015-02-17,2635797.9
2015-02-18,2872317.3
2015-02-19,2797190.5
2015-02-20,2710578.5
2015-02-21,2905253.6
2015-02-22,2621575.1
2015-02-23,2880863.5
2015-02-24,2791190.0
2015-02-25,2961034.3
2015-02-26,2938693.3
2015-02-27,2773819.2
2015-02-28,2879206.7
2015-03-01,2683526.9
2015-03-02,2918589.5
2015-03-03,2725091.5
2015-03-04,2866948.4
2015-03-05,2901177.6
2015-03-06,2666103.2
2015-03-07,2717271.7
2015-03-08,2488546.9
2015-03-09,2799669.6
2015-03-10,2885824.0
2015-03-11,2954931.8
2015-03-12,2836218.8
2015-03-13,2970694.9
2015-03-14,2717283.5
2015-03-15,2530441.0
2015-03-16,2834430.3
2015-03-17,2874079.0
2015-03-18,2840679.2
2015-03-19,2669052.1
2015-03-20,2839948.5
2015-03-21,2738013.6
2015-03-22,2734200.1
2015-03-23,2884673.0
2015-03-24,2774588.3
2015-03-25,2812793.1
2015-03-26,2767686.0
2015-03-27,2854769.4
2015-03-28,2943718.1
2015-03-29,2611845.2
2015-03-30,2908000.5
2015-03-31,2820483.7
2015-04-01,2799206.1
2015-04-02,2859474.4
2015-04-03,2780768.6
2015-04-04,2823367.0
2015-04-05,2602796.3
2015-04-06,3042528.7
2015-04-07,2877189.6
2015-04-08,2814705.3
2015-04-09,2894366.4
2015-04-10,2866995.7
2015-04-11,2858337.6
2015-04-12,2755234.8
2015-04-13,2944088.3
2015-04-14,2833381.9
2015-04-15,2829931.3
2015-04-16,2856320.1
2015-04-17,2681515.2
2015-04-18,2749768.7
2015-04-19,2819125.1
2015-04-20,3023268.2
2015-04-21,2859656.7
2015-04-22,2931047.4
2015-04-23,2908081.5
2015-04-24,3147197.1
2015-04-25,2977684.4
2015-04-26,2697466.1
2015-04-27,2797843.4
2015-04-28,2741265.4
2015-04-29,2897231.7
2015-04-30,2813850.9
2015-05-01,2755820.3
2015-05-02,2822221.3
2015-05-03,2616984.9
2015-05-04,3022266.3
2015-05-05,2951947.9
2015-05-06,2874351.5
2015-05-07,3001740.9
2015-05-08,2879837.5
2015-05-09,2797931.1
2015-05-10,2822112.0
2015-05-11,2916311.1
2015-05-12,2779441.4
2015-05-13,2851071.4
2015-05-14,2790834.7
2015-05-15,2745903.2
2015-05-16,2942865.4
2015-05-17,2844200.7
2015-05-18,2740255.1
2015-05-19,2906936.9
2015-05-20,2801228.4
2015-05-21,2813551.6
2015-05-22,3612783.6
2015-05-23,2777766.4
2015-05-24,2682713.8
2015-05-25,2776878.1
2015-05-26,2868978.5
2015-05-27,2839566.7
2015-05-28,2821396.0
2015-05-29,2762316.7
2015-05-30,2788348.8
2015-05-31,2725494.3
2015-06-01,2875500.6
2015-06-02,2747586.8
2015-06-03,2836650.2
2015-06-04,2889497.7
2015-06-05,2681933.4
2015-06-06,2866801.4
2015-06-07,2596506.0
2015-06-08,2863863.7
2015-06-09,2748612.6
2015-06-10,2658172.5
2015-06-11,2670534.7
2015-06-12,2808904.6
2015-06-13,2823890.7
2015-06-14,2559881.5
2015-06-15,2849916.1
2015-06-16,2654192.6
2015-06-17,2784954.7
2015-06-18,2686234.4
2015-06-19,2730040.9
2015-06-20,2785400.6
2015-06-21,2544252.2
2015-06-22,2743242.1
2015-06-23,2855808.5
2015-06-24,2721033.6
2015-06-25,2835101.0
2015-06-26,2668914.9
2015-06-27,2803151.2
2015-06-28,2702701.0
2015-06-29,2548616.6
2015-06-30,2683683.0
2015-07-01,2793615.0
2015-07-02,2726008.7
2015-07-03,2769838.0
2015-07-04,2686366.4
2015-07-05,2575247.1
2015-07-06,2716350.0
2015-07-07,2821139.0
2015-07-08,2742967.5
2015-07-09,2746252.3
2015-07-10,2681681.5
2015-07-11,2672067.8
2015-07-12,2512700.3
2015-07-13,2736720.9
2015-07-14,2667077.0
2015-07-15,2721113.8
2015-07-16,2861869.3
2015-07-17,2760903.1
2015-07-18,2660764.0
2015-07-19,2613391.5
2015-07-20,2647145.0
2015-07-21,2512761.6
2015-07-22,2592027.4
2015-07-23,2519506.1
2015-07-24,2637666.3
2015-07-25,2663713.0
2015-07-26,2624880.6
2015-07-27,2681228.7
2015-07-28,2634240.9
2015-07-29,2714054.3
2015-07-30,2469232.6
2015-07-31,2659845.2
2015-08-01,2698699.8
2015-08-02,2366345.8
2015-08-03,2721058.0
2015-08-04,2654035.4
2015-08-05,2591246.6
2015-08-06,2670283.6
2015-08-07,2795437.2
2015-08-08,2628052.4
2015-08-09,2472094.7
2015-08-10,2571199.3
2015-08-11,2537443.4
2015-08-12,2665333.3
2015-08-13,2530597.1
2015-08-14,2599646.2
2015-08-15,2553751.0
2015-08-16,2467396.3
2015-08-17,2610433.7
2015-08-18,2661799.4
2015-08-19,2538914.9
2015-08-20,2554462.6
2015-08-21,2496763.1
2015-08-22,2535060.6
2015-08-23,2439678.3
2015-08-24,2621651.2
2015-08-25,2489717.3
2015-08-26,2624436.4
2015-08-27,2658809.3
2015-08-28,2583789.7
2015-08-29,2692948.3
2015-08-30,2338343.9
2015-08-31,2449076.8
2015-09-01,2405849.8
2015-09-02,2652853.9
2015-09-03,2586177.8
2015-09-04,2529686.8
2015-09-05,2552745.6
2015-09-06,2297084.2
2015-09-07,2712160.2
2015-09-08,2534263.2
2015-09-09,2530514.2
2015-09-10,2574914.4
2015-09-11,2554238.1
2015-09-12,2532710.4
2015-09-13,2306910.9
2015-09-14,2547311.1
2015-09-15,2651556.0
2015-09-16,2609192.9
2015-09-17,2625917.5
2015-09-18,2465951.6
2015-09-19,2428340.1
2015-09-20,2342043.3
2015-09-21,2503541.6
2015-09-22,2579802.3
2015-09-23,2369565.5
2015-09-24,2609354.9
2015-09-25,2481672.6
2015-09-26,2460253.3
2015-09-27,2270356.5
2015-09-28,2366096.2
2015-09-29,2550008.3
2015-09-30,2492938.5
2015-10-01,2390219.2
2015-10-02,2388909.9
2015-10-03,2459544.0
2015-10-04,2451606.2
2015-10-05,2463612.0
2015-10-06,2370295.0
2015-10-07,2463277.4
2015-10-08,2460678.9
2015-10-09,2279761.1
2015-10-10,2475936.7
2015-10-11,2314647.9
2015-10-12,2531008.5
2015-10-13,2616451.1
2015-10-14,2562504.5
2015-10-15,2458584.4
2015-10-16,2396213.9
2015-10-17,2669803.5
2015-10-18,2333931.5
2015-10-19,2479640.9
2015-10-20,2476977.4
2015-10-21,2493733.2
2015-10-22,2468558.3
2015-10-23,2436979.1
2015-10-24,2439387.7
2015-10-25,2329435.7
2015-10-26,2440660.5
2015-10-27,2428649.3
2015-10-28,2490323.7
2015-10-29,2464142.3
2015-10-30,2596013.3
2015-10-31,2287189.2
2015-11-01,2413099.0
2015-11-02,2579680.7
2015-11-03,2333029.1
2015-11-04,2463299.5
2015-11-05,2462315.0
2015-11-06,2386103.3
2015-11-07,2434433.7
2015-11-08,2266212.2
2015-11-09,2626552.0
2015-11-10,2566941.3
2015-11-11,2593697.5
2015-11-12,2554115.0
2015-11-13,2416911.6
2015-11-14,2463969.0
2015-11-15,2389397.1
2015-11-16,2415048.4
2015-11-17,2562514.2
2015-11-18,2492690.9
2015-11-19,2484536.7
2015-11-20,2568484.9
2015-11-21,2550501.0
2015-11-22,2342328.5
2015-11-23,2609026.8
2015-11-24,2441759.4
2015-11-25,2572600.9
2015-11-26,2573286.5
2015-11-27,2507223.7
2015-11-28,2557984.9
2015-11-29,2294117.5
2015-11-30,2608662.3
2015-12-01,2526826.0
2015-12-02,2503702.4
2015-12-03,2626439.6
2015-12-04,2495206.4
2015-12-05,2444050.1
2015-12-06,2289300.4
2015-12-07,2604123.1
2015-12-08,2462204.9
2015-12-09,2698499.1
2015-12-10,2406264.1
2015-12-11,2700406.7
2015-12-12,2589017.4
2015-12-13,2414293.8
2015-12-14,2536888.4
2015-12-15,2613185.1
2015-12-16,2582596.9
2015-12-17,2674489.2
2015-12-18,2601005.4
2015-12-19,2607179.3
2015-12-20,2416281.8
2015-12-21,2597833.3
2015-12-22,2629787.7
2015-12-23,2475337.7
2015-12-24,2507035.7
2015-12-25,2674577.3
2015-12-26,2633228.3
2015-12-27,2452369.5
2015-12-28,2628444.7
2015-12-29,2658054.5
2015-12-30,2591621.5
2015-12-31,2576359.3
2016-01-01,2657169.4
2016-01-02,2567718.9
2016-01-03,2520648.8
2016-01-04,2517345.3
2016-01-05,2738633.9
2016-01-06,2698111.5
2016-01-07,2684650.5
2016-01-08,2746648.9
2016-01-09,2805308.6
2016-01-10,2591641.8
2016-01-11,2531504.3
2016-01-12,2580323.7
2016-01-13,2636814.1
2016-01-14,2693151.5
2016-01-15,2736762.5
2016-01-16,2640022.5
2016-01-17,2554729.2
2016-01-18,2645194.8
2016-01-19,2660680.4
2016-01-20,2599737.1
2016-01-21,2642868.0
2016-01-22,2611644.0
2016-01-23,2646086.9
2016-01-24,2647076.1
2016-01-25,2655750.7
2016-01-26,2953639.7
2016-01-27,2781869.7
2016-01-28,2760353.7
2016-01-29,2678165.8
2016-01-30,2810597.2
2016-01-31,2546420.4
2016-02-01,2770449.1
2016-02-02,2976406.0
2016-02-03,2759892.2
2016-02-04,2867165.6
2016-02-05,2716778.4
2016-02-06,2776107.8
2016-02-07,2754701.4
2016-02-08,2733955.3
2016-02-09,2941703.1
2016-02-10,2852930.6
2016-02-11,2750004.8
2016-02-12,2853906.3
2016-02-13,2886128.1
2016-02-14,2688585.2
2016-02-15,2678870.8
2016-02-16,2753354.6
2016-02-17,2797253.1
2016-02-18,2815271.6
2016-02-19,2877533.4
2016-02-20,2843337.6
2016-02-21,2555033.2
2016-02-22,2867145.5
2016-02-23,2890020.3
2016-02-24,2888934.8
2016-02-25,2936592.4
2016-02-26,2918715.0
2016-02-27,2889815.2
2016-02-28,2676716.5
2016-02-29,2714226.6
2016-03-01,2896367.4
2016-03-02,2880250.7
2016-03-03,2888620.3
2016-03-04,2758236.3
2016-03-05,2777754.5
2016-03-06,2786512.6
2016-03-07,2872849.4
2016-03-08,2937751.1
2016-03-09,2883921.2
2016-03-10,2886579.9
2016-03-11,2967738.1
2016-03-12,2844195.2
2016-03-13,2725659.4
2016-03-14,2853499.5
2016-03-15,2858157.7
2016-03-16,2871248.1
2016-03-17,2919625.9
2016-03-18,2860727.6
2016-03-19,3013893.0
2016-03-20,2658765.2
2016-03-21,2892121.9
2016-03-22,2871926.3
2016-03-23,3038568.6
2016-03-24,2931113.7
2016-03-25,3005905.3
2016-03-26,2787295.7
2016-03-27,2765759.5
2016-03-28,2998398.3
2016-03-29,2929149.4
2016-03-30,3016801.8
2016-03-31,2879331.8
2016-04-01,3049732.9
2016-04-02,3129142.2
2016-04-03,2722765.1
2016-04-04,2890396.2
2016-04-05,3058381.1
2016-04-06,3070512.1
2016-04-07,2886520.3
2016-04-08,2896406.1
2016-04-09,2909379.5
2016-04-10,2647552.4
2016-04-11,2854690.4
2016-04-12,2847752.6
2016-04-13,2869104.0
2016-04-14,2934173.8
2016-04-15,2958288.3
2016-04-16,3074660.9
2016-04-17,2679267.4
2016-04-18,3025285.2
2016-04-19,2919805.9
2016-04-20,2934405.1
2016-04-21,2998291.1
2016-04-22,2839779.8
2016-04-23,2972376.9
2016-04-24,2775983.9
2016-04-25,2981682.4
2016-04-26,2963469.5
2016-04-27,3154009.7
2016-04-28,2881012.6
2016-04-29,2889943.1
2016-04-30,2881288.8
2016-05-01,2713450.3
2016-05-02,2878775.5
2016-05-03,3038822.5
2016-05-04,3058366.6
2016-05-05,2882288.7
2016-05-06,2858373.7
2016-05-07,2972038.2
2016-05-08,2708152.5
2016-05-09,2984044.0
2016-05-10,2945091.2
2016-05-11,2792988.6
2016-05-12,3060536.4
2016-05-13,3080908.9
2016-05-14,2868282.5
2016-05-15,2713371.2
2016-05-16,2944043.6
2016-05-17,2946701.6
2016-05-18,2973395.7
2016-05-19,3089833.1
2016-05-20,2896884.1
2016-05-21,2840833.0
2016-05-22,2621016.7
2016-05-23,2843020.1
2016-05-24,2901902.5
2016-05-25,3059041.6
2016-05-26,2855647.6
2016-05-27,2918023.0
2016-05-28,2894957.4
2016-05-29,2817496.8
2016-05-30,3111103.5
2016-05-31,2843529.0
2016-06-01,2844778.8
2016-06-02,2975111.8
2016-06-03,2941238.6
2016-06-04,3039301.7
2016-06-05,2751943.5
2016-06-06,2843605.7
2016-06-07,2922829.4
2016-06-08,2964680.5
2016-06-09,2937068.3
2016-06-10,2907314.9
2016-06-11,2952466.9
2016-06-12,2780818.8
2016-06-13,2973554.1
2016-06-14,2907740.7
2016-06-15,2834978.1
2016-06-16,2858785.2
2016-06-17,2946128.4
2016-06-18,2770536.7
2016-06-19,2696309.2
2016-06-20,2800456.1
2016-06-21,2833167.2
2016-06-22,2935971.3
2016-06-23,2840487.6
2016-06-24,2824968.2
2016-06-25,2702801.2
2016-06-26,2704804.0
2016-06-27,2865542.1
2016-06-28,2989962.3
2016-06-29,2778469.4
2016-06-30,2819372.9
2016-07-01,2818461.7
2016-07-02,2926312.3
2016-07-03,2615684.8
2016-07-04,2810469.2
2016-07-05,2834404.9
2016-07-06,2795689.2
2016-07-07,2739409.2
2016-07-08,2789200.3
2016-07-09,2858701.5
2016-07-10,2519909.3
2016-07-11,2773375.9
2016-07-12,2700827.2
2016-07-13,2853955.3
2016-07-14,2625843.3
2016-07-15,2701895.7
2016-07-16,2775418.8
2016-07-17,2697302.0
2016-07-18,2731733.9
2016-07-19,2687986.3
2016-07-20,2883959.4
2016-07-21,2607851.1
2016-07-22,2543069.2
2016-07-23,2754949.4
2016-07-24,2514077.8
2016-07-25,2628765.9
2016-07-26,2765806.4
2016-07-27,2724449.1
2016-07-28,2655380.1
2016-07-29,2593911.1
2016-07-30,2764474.3
2016-07-31,2578323.5
2016-08-01,2678891.7
2016-08-02,2832024.3
2016-08-03,2593835.2
2016-08-04,2553893.2
2016-08-05,2617429.0
2016-08-06,2665810.8
2016-08-07,2524364.2
2016-08-08,2643352.3
2016-08-09,2687320.2
2016-08-10,2556151.7
2016-08-11,2767417.3
2016-08-12,2642683.4
2016-08-13,2734610.8
2016-08-14,2509640.7
2016-08-15,2675591.2
2016-08-16,2681279.1
2016-08-17,2668407.1
2016-08-18,2680605.7
2016-08-19,2731525.6
2016-08-20,2639171.8
2016-08-21,2515814.8
2016-08-22,2610598.6
2016-08-23,2727632.6
2016-08-24,2558734.0
2016-08-25,2749779.6
2016-08-26,2602826.8
2016-08-27,2491407.5
2016-08-28,2453732.0
2016-08-29,2544544.4
2016-08-30,2660359.8
2016-08-31,2541507.6
2016-09-01,2554983.7
2016-09-02,2440427.0
2016-09-03,2549485.1
2016-09-04,2250659.7
2016-09-05,2457070.6
2016-09-06,2636059.1
2016-09-07,2635632.8
2016-09-08,2605483.0
2016-09-09,2495845.7
2016-09-10,2564551.3
2016-09-11,2411868.0
2016-09-12,2474911.6
2016-09-13,2677535.8
2016-09-14,2627392.1
2016-09-15,2541132.2
2016-09-16,2558285.1
2016-09-17,2570381.1
2016-09-18,2252523.4
2016-09-19,2532041.9
2016-09-20,2497158.3
2016-09-21,2471175.7
2016-09-22,2524732.8
2016-09-23,2681976.0
2016-09-24,2592223.9
2016-09-25,2348515.0
2016-09-26,2584330.8
2016-09-27,2646066.8
2016-09-28,2608699.5
2016-09-29,2541720.9
2016-09-30,3124403.6
2016-10-01,2588254.7
2016-10-02,2410296.3
2016-10-03,2601405.7
2016-10-04,2580831.8
2016-10-05,2611558.6
2016-10-06,2490526.3
2016-10-07,2630575.3
2016-10-08,2545018.0
2016-10-09,2525803.7
2016-10-10,2476835.8
2016-10-11,2660473.1
2016-10-12,2543504.3
2016-10-13,2478862.5
2016-10-14,2491416.0
2016-10-15,2503729.4
2016-10-16,2406557.8
2016-10-17,2567690.9
2016-10-18,2484631.1
2016-10-19,2526465.3
2016-10-20,2691052.4
2016-10-21,2659908.1
2016-10-22,2562319.0
2016-10-23,2380574.9
2016-10-24,2539248.3
2016-10-25,2577276.2
2016-10-26,2453651.5
2016-10-27,2512460.8
2016-10-28,2405981.0
2016-10-29,2563926.9
2016-10-30,2428653.5
2016-10-31,2498658.8
2016-11-01,2656189.6
2016-11-02,2444182.7
2016-11-03,2427104.9
2016-11-04,2556931.3
2016-11-05,2620914.0
2016-11-06,2510600.9
2016-11-07,2508781.2
2016-11-08,2627613.1
2016-11-09,2543814.1
2016-11-10,2535128.2
2016-11-11,2617553.9
2016-11-12,2601579.4
2016-11-13,2286680.7
2016-11-14,2668387.2
2016-11-15,2662937.5
2016-11-16,2510968.0
2016-11-17,2591383.5
2016-11-18,2600999.3
2016-11-19,2585168.1
2016-11-20,2373383.7
2016-11-21,2517694.5
2016-11-22,3190497.2
2016-11-23,2664601.5
2016-11-24,2618426.4
2016-11-25,2550158.8
2016-11-26,2641064.2
2016-11-27,2221243.2
2016-11-28,2675539.5
2016-11-29,2453904.4
2016-11-30,2563523.8
2016-12-01,2507279.8
2016-12-02,2496321.2
2016-12-03,2690560.2
2016-12-04,2412376.4
2016-12-05,2632875.6
2016-12-06,2605069.8
2016-12-07,2649116.6
2016-12-08,2620805.9
2016-12-09,2517101.3
2016-12-10,2699321.9
2016-12-11,2430162.3
2016-12-12,2504662.4
2016-12-13,2596809.0
2016-12-14,2752458.8
2016-12-15,2704456.5
2016-12-16,2612923.6
2016-12-17,2616226.8
2016-12-18,2464497.0
2016-12-19,2815954.7
2016-12-20,2684701.6
2016-12-21,2692093.8
2016-12-22,2743609.4
2016-12-23,2684016.8
2016-12-24,2647791.3
2016-12-25,2497033.6
2016-12-26,2670067.1
2016-12-27,2676503.4
2016-12-28,2741771.1
2016-12-29,2691114.2
2016-12-30,2749814.7
2016-12-31,2687920.6
2017-01-01,2538891.1
2017-01-02,2536623.3
2017-01-03,2776470.7
2017-01-04,2734141.1
2017-01-05,2790988.2
2017-01-06,2477922.8
2017-01-07,2887841.3
2017-01-08,2547464.3
2017-01-09,2815966.5
2017-01-10,2644121.4
2017-01-11,2783427.5
2017-01-12,2650608.0
2017-01-13,2689746.1
2017-01-14,2902596.8
2017-01-15,2569204.2
2017-01-16,2770825.6
2017-01-17,2828777.9
2017-01-18,2801825.6
2017-01-19,2777200.7
2017-01-20,2798991.2
2017-01-21,2972541.8
2017-01-22,2605470.8
2017-01-23,2797296.3
2017-01-24,2872226.4
2017-01-25,2880874.1
2017-01-26,2891758.4
2017-01-27,2849820.7
2017-01-28,2704130.7
2017-01-29,2764965.8
2017-01-30,2711367.2
2017-01-31,2837335.4
2017-02-01,2751953.2
2017-02-02,2814086.7
2017-02-03,2851187.1
2017-02-04,2854408.5
2017-02-05,2694772.6
2017-02-06,2971953.2
2017-02-07,2877094.9
2017-02-08,2821388.6
2017-02-09,2928228.2
2017-02-10,3530805.9
2017-02-11,2748184.2
2017-02-12,2733616.2
2017-02-13,2920681.7
2017-02-14,2838524.4
2017-02-15,2985995.9
2017-02-16,2858242.8
2017-02-17,2885489.8
2017-02-18,2863177.0
2017-02-19,2709921.5
2017-02-20,2790061.8
2017-02-21,2763522.9
2017-02-22,3029947.0
2017-02-23,2821356.4
2017-02-24,2811965.9
2017-02-25,2713939.9
2017-02-26,2677936.5
2017-02-27,2792263.4
2017-02-28,3054153.1
2017-03-01,3002088.4
2017-03-02,2856604.9
2017-03-03,3117081.8
2017-03-04,3008782.4
2017-03-05,2723238.8
2017-03-06,2708820.0
2017-03-07,3132631.0
2017-03-08,2811600.8
2017-03-09,2791633.5
2017-03-10,3029389.1
2017-03-11,3157123.4
2017-03-12,2882613.6
2017-03-13,2996669.9
2017-03-14,3001868.5
2017-03-15,3027190.5
2017-03-16,3021198.7
2017-03-17,2981149.4
2017-03-18,2967672.6
2017-03-19,2777721.3
2017-03-20,2895670.8
2017-03-21,2939764.7
2017-03-22,2816040.5
2017-03-23,2959888.1
2017-03-24,2882419.0
2017-03-25,2873923.8
2017-03-26,2810726.8
2017-03-27,3100046.9
2017-03-28,3059438.0
2017-03-29,2838629.8
2017-03-30,2892009.0
2017-03-31,3066106.7
2017-04-01,2895402.5
2017-04-02,2786674.8
2017-04-03,3035197.2
2017-04-04,2900348.2
2017-04-05,2997709.1
2017-04-06,2869700.5
2017-04-07,2936396.8
2017-04-08,3019988.1
2017-04-09,2678226.5
2017-04-10,3032539.2
2017-04-11,2991977.2
2017-04-12,3044059.4
2017-04-13,3015168.3
2017-04-14,3118198.5
2017-04-15,3007352.1
2017-04-16,2780445.0
2017-04-17,3007877.0
2017-04-18,3046026.5
2017-04-19,3001797.6
2017-04-20,3001216.8
2017-04-21,2934533.2
2017-04-22,2938078.9
2017-04-23,2699232.0
2017-04-24,3154892.6
2017-04-25,2885542.3
2017-04-26,2934858.6
2017-04-27,2932274.8
2017-04-28,3076950.7
2017-04-29,2969563.1
2017-04-30,2921249.8
2017-05-01,2934510.1
2017-05-02,3019464.2
2017-05-03,2918691.4
2017-05-04,3185575.1
2017-05-05,2885545.8
2017-05-06,3019074.5
2017-05-07,2864355.2
2017-05-08,3026435.2
2017-05-09,2971648.0
2017-05-10,2975495.4
2017-05-11,2989862.3
2017-05-12,2971522.1
2017-05-13,3069638.9
2017-05-14,2988964.0
2017-05-15,2930711.6
2017-05-16,2856643.8
2017-05-17,2969625.8
2017-05-18,3206207.1
2017-05-19,2902517.9
2017-05-20,3118666.2
2017-05-21,2933016.8
2017-05-22,2919562.7
2017-05-23,3017614.2
2017-05-24,3109861.6
2017-05-25,2929304.8
2017-05-26,2942858.2
2017-05-27,2907191.9
2017-05-28,2694647.2
2017-05-29,2896884.8
2017-05-30,2843760.4
2017-05-31,2952849.9
2017-06-01,2879375.0
2017-06-02,2965690.1
2017-06-03,2805212.6
2017-06-04,2791072.2
2017-06-05,3010928.2
2017-06-06,2759320.3
2017-06-07,2965105.5
2017-06-08,3037391.2
2017-06-09,2820540.6
2017-06-10,3613443.0
2017-06-11,2780376.8
2017-06-12,2856531.8
2017-06-13,2910462.5
2017-06-14,2961168.9
2017-06-15,2916029.4
2017-06-16,2953341.1
2017-06-17,2823111.1
2017-06-18,2740039.0
2017-06-19,2774195.2
2017-06-20,2884238.0
2017-06-21,2812304.5
2017-06-22,2823743.8
2017-06-23,2991147.4
2017-06-24,2975217.7
2017-06-25,2754351.6
2017-06-26,2780038.7
2017-06-27,2843597.1
2017-06-28,2971799.8
2017-06-29,2876194.0
2017-06-30,3059604.6
2017-07-01,2890805.7
2017-07-02,2697837.2
2017-07-03,2823653.5
2017-07-04,2857953.5
2017-07-05,2829993.3
2017-07-06,2899746.9
2017-07-07,2917234.9
2017-07-08,2765459.9
2017-07-09,2552723.0
2017-07-10,2669385.1
2017-07-11,2864363.0
2017-07-12,2724449.0
2017-07-13,2632310.2
2017-07-14,2843157.9
2017-07-15,3016638.9
2017-07-16,2634383.5
2017-07-17,2869780.9
2017-07-18,2802540.6
2017-07-19,2783706.1
2017-07-20,2865179.2
2017-07-21,2760360.5
2017-07-22,2803228.6
2017-07-23,2635794.7
2017-07-24,2717961.1
2017-07-25,2852306.5
2017-07-26,2751679.0
2017-07-27,2699898.4
2017-07-28,2803277.5
2017-07-29,2680958.3
2017-07-30,2588674.6
2017-07-31,2747202.5
2017-08-01,2833739.9
2017-08-02,2779765.7
2017-08-03,2735091.7
2017-08-04,2800636.9
2017-08-05,2843877.1
2017-08-06,2605779.8
2017-08-07,2723807.1
2017-08-08,2612437.8
2017-08-09,2629199.8
2017-08-10,2687691.3
2017-08-11,2659560.1
2017-08-12,2690512.5
2017-08-13,2544485.2
2017-08-14,2741839.1
2017-08-15,2689921.0
2017-08-16,2731616.8
2017-08-17,2694253.1
2017-08-18,2526640.1
2017-08-19,2607007.9
2017-08-20,2507775.4
2017-08-21,2579161.6
2017-08-22,2721290.4
2017-08-23,2792725.0
2017-08-24,2764587.3
2017-08-25,2647014.8
2017-08-26,2780123.8
2017-08-27,2509846.4
2017-08-28,2628461.6
2017-08-29,2603663.7
2017-08-30,2625634.4
2017-08-31,2616099.5
2017-09-01,2657732.0
2017-09-02,2654272.7
2017-09-03,2480818.6
2017-09-04,2670911.4
2017-09-05,2727905.5
2017-09-06,2706306.1
2017-09-07,2511807.3
2017-09-08,2425297.7
2017-09-09,2697761.5
2017-09-10,2363546.1
2017-09-11,2602033.8
2017-09-12,2525638.8
2017-09-13,2474013.1
2017-09-14,2655781.9
2017-09-15,2670788.6
2017-09-16,2564227.8
2017-09-17,2260486.7
2017-09-18,2562907.5
2017-09-19,2634421.5
2017-09-20,2486635.5
2017-09-21,2614712.4
2017-09-22,2597598.2
2017-09-23,2642371.3
2017-09-24,2448746.2
2017-09-25,2518566.8
2017-09-26,2686001.5
2017-09-27,2579281.9
2017-09-28,2588231.3
2017-09-29,2516669.5
2017-09-30,2553614.2
2017-10-01,2367197.6
2017-10-02,2572542.9
2017-10-03,2717763.2
2017-10-04,2477786.8
2017-10-05,2458278.9
2017-10-06,2696563.9
2017-10-07,2565684.2
2017-10-08,2377699.1
2017-10-09,2661236.7
2017-10-10,2533358.2
2017-10-11,2721137.5
2017-10-12,2631918.0
2017-10-13,2541414.4
2017-10-14,2745848.7
2017-10-15,2380007.2
2017-10-16,2636099.2
2017-10-17,2601817.2
2017-10-18,2679408.3
2017-10-19,2699615.9
2017-10-20,2581459.9
2017-10-21,2520926.2
2017-10-22,2458217.0
2017-10-23,2527448.3
2017-10-24,2736196.9
2017-10-25,2591416.4
2017-10-26,2553124.8
2017-10-27,2596359.0
2017-10-28,2478377.5
2017-10-29,2357726.4
2017-10-30,2677428.8
2017-10-31,2534312.2
2017-11-01,2504998.1
2017-11-02,2628908.1
2017-11-03,2680419.5
2017-11-04,2645360.1
2017-11-05,2508057.1
2017-11-06,2533169.3
2017-11-07,2482750.1
2017-11-08,2711651.0
2017-11-09,2571125.5
2017-11-10,2578248.6
2017-11-11,2702972.9
2017-11-12,2485795.7
2017-11-13,2638380.6
2017-11-14,2773734.1
2017-11-15,2556093.2
2017-11-16,2680918.3
2017-11-17,2614742.9
2017-11-18,2633349.3
2017-11-19,2570204.1
2017-11-20,2656379.8
2017-11-21,2661000.5
2017-11-22,2705291.8
2017-11-23,2594547.0
2017-11-24,2559525.9
2017-11-25,2545671.2
2017-11-26,2326818.7
2017-11-27,2795459.8
2017-11-28,2548384.0
2017-11-29,2620728.1
2017-11-30,2618986.3
2017-12-01,2668025.7
2017-12-02,2711186.6
2017-12-03,2554579.2
2017-12-04,2605731.5
2017-12-05,2641733.0
2017-12-06,2680545.0
2017-12-07,2641171.7
2017-12-08,2792545.5
2017-12-09,2706469.4
2017-12-10,2565447.0
2017-12-11,2726680.9
2017-12-12,2770974.2
2017-12-13,2694563.3
2017-12-14,2578921.7
2017-12-15,2718876.0
2017-12-16,2637478.4
2017-12-17,2491703.7
2017-12-18,2744358.7
2017-12-19,2800722.6
2017-12-20,2705654.7
2017-12-21,2732569.2
2017-12-22,2849515.9
2017-12-23,2734295.5
2017-12-24,2754672.4
2017-12-25,2768190.1
2017-12-26,2581733.1
2017-12-27,2791128.2
2017-12-28,2764449.9
2017-12-29,2842875.8
2017-12-30,2796128.2
2017-12-31,2569208.7
2018-01-01,2647498.3
2018-01-02,2735051.8
2018-01-03,2685868.5
2018-01-04,2712026.9
2018-01-05,2812819.1
2018-01-06,2906613.8
2018-01-07,2636432.2
2018-01-08,2676268.7
2018-01-09,2816907.7
2018-01-10,2883750.4
2018-01-11,2736809.9
2018-01-12,2780587.1
2018-01-13,2797054.2
2018-01-14,2569876.9
2018-01-15,2858392.2
2018-01-16,2797699.8
2018-01-17,2847308.3
2018-01-18,2740974.9
2018-01-19,2782972.3
2018-01-20,2885213.1
2018-01-21,2628626.4
2018-01-22,2978796.5
2018-01-23,2802091.3
2018-01-24,2859255.8
2018-01-25,2923696.3
2018-01-26,2726938.5
2018-01-27,2701464.2
2018-01-28,2561865.7
2018-01-29,2968421.7
2018-01-30,2816636.3
2018-01-31,3088111.9
2018-02-01,2823326.7
2018-02-02,2891785.5
2018-02-03,3012996.2
2018-02-04,2873771.0
2018-02-05,3066105.4
2018-02-06,2996191.0
2018-02-07,2984150.9
2018-02-08,2950544.1
2018-02-09,2970578.6
2018-02-10,2858494.3
2018-02-11,2668523.6
2018-02-12,2913704.5
2018-02-13,2902784.7
2018-02-14,2881613.2
2018-02-15,2986065.1
2018-02-16,3012481.3
2018-02-17,2939890.2
2018-02-18,2881822.2
2018-02-19,2838472.1
2018-02-20,2925505.6
2018-02-21,2882674.7
2018-02-22,2784262.3
2018-02-23,2945446.9
2018-02-24,2945288.7
2018-02-25,2908102.7
2018-02-26,3018661.3
2018-02-27,2874664.6
2018-02-28,3707895.7
2018-03-01,3080921.0
2018-03-02,3027071.6
2018-03-03,2957903.3
2018-03-04,2721589.4
2018-03-05,2950722.6
2018-03-06,3084485.4
2018-03-07,3158793.0
2018-03-08,3131091.4
2018-03-09,2951353.3
2018-03-10,2897268.8
2018-03-11,2832485.9
2018-03-12,2843854.8
2018-03-13,3034853.9
2018-03-14,2994869.8
2018-03-15,2968521.7
2018-03-16,2868837.4
2018-03-17,3061754.6
2018-03-18,2791168.8
2018-03-19,2913767.0
2018-03-20,2761505.9
2018-03-21,3021485.9
2018-03-22,3186895.0
2018-03-23,3178885.7
2018-03-24,2988338.6
2018-03-25,2798346.0
2018-03-26,3076186.1
2018-03-27,2944342.0
2018-03-28,3064414.4
2018-03-29,3108355.8
2018-03-30,3151963.9
2018-03-31,3032405.8
2018-04-01,2842905.5
2018-04-02,2964127.6
2018-04-03,2970051.5
2018-04-04,3026125.2
2018-04-05,3081578.1
2018-04-06,3132649.2
2018-04-07,2976617.7
2018-04-08,2996442.6
2018-04-09,3027150.7
2018-04-10,3050850.6
2018-04-11,2985124.3
2018-04-12,2832145.9
2018-04-13,3135929.2
2018-04-14,3123018.6
2018-04-15,2848374.0
2018-04-16,3062553.5
2018-04-17,3104091.2
2018-04-18,2913773.0
2018-04-19,3008786.3
2018-04-20,3130329.8
2018-04-21,2942522.5
2018-04-22,2899462.1
2018-04-23,2933135.7
2018-04-24,3100251.4
2018-04-25,3054030.1
2018-04-26,2908936.0
2018-04-27,3163569.6
2018-04-28,2989034.1
2018-04-29,2802770.8
2018-04-30,3073836.2
2018-05-01,3160151.3
2018-05-02,2961171.1
2018-05-03,3059198.3
2018-05-04,3092054.9
2018-05-05,3115411.3
2018-05-06,2883173.5
2018-05-07,3016511.5
2018-05-08,2973369.5
2018-05-09,3055859.5
2018-05-10,2948831.7
2018-05-11,2778695.9
2018-05-12,3084208.3
2018-05-13,2937985.9
2018-05-14,2825982.1
2018-05-15,2948039.3
2018-05-16,3095046.9
2018-05-17,3224480.4
2018-05-18,3037268.9
2018-05-19,2967415.0
2018-05-20,2834354.9
2018-05-21,3155064.6
2018-05-22,2969521.6
2018-05-23,2953710.8
2018-05-24,2980475.8
2018-05-25,2935789.5
2018-05-26,3031234.2
2018-05-27,2975153.3
2018-05-28,3044976.5
2018-05-29,2990666.1
2018-05-30,2984800.0
2018-05-31,2867690.2
2018-06-01,3086015.9
2018-06-02,2996880.4
2018-06-03,2806014.8
2018-06-04,3286066.8
2018-06-05,3023036.6
2018-06-06,2926002.1
2018-06-07,2952550.2
2018-06-08,3090995.3
2018-06-09,2995388.8
2018-06-10,2682490.2
2018-06-11,3061675.1
2018-06-12,2916915.1
2018-06-13,3140720.1
2018-06-14,3066846.0
2018-06-15,2927719.8
2018-06-16,3078379.0
2018-06-17,2789313.7
2018-06-18,3033842.9
2018-06-19,2997936.1
2018-06-20,2876785.6
2018-06-21,2891541.4
2018-06-22,3036169.6
2018-06-23,2912291.8
2018-06-24,2728720.2
2018-06-25,2850986.7
2018-06-26,2968925.7
2018-06-27,3109411.4
2018-06-28,2831086.2
2018-06-29,2923380.9
2018-06-30,3041353.2
2018-07-01,2732799.0
2018-07-02,2950131.8
2018-07-03,2814393.2
2018-07-04,2940748.2
2018-07-05,2883537.5
2018-07-06,2981823.0
2018-07-07,2995557.0
2018-07-08,2926478.3
2018-07-09,2935333.3
2018-07-10,2909627.8
2018-07-11,2894536.2
2018-07-12,2843583.3
2018-07-13,2899450.1
2018-07-14,2841161.5
2018-07-15,2704650.6
2018-07-16,2972081.4
2018-07-17,2769092.4
2018-07-18,2949065.2
2018-07-19,2960316.3
2018-07-20,2833953.1
2018-07-21,2659464.4
2018-07-22,2617691.3
2018-07-23,2942961.7
2018-07-24,2827042.5
2018-07-25,2740533.0
2018-07-26,2778757.5
2018-07-27,2888803.5
2018-07-28,2860167.4
2018-07-29,2622736.3
2018-07-30,2775690.8
2018-07-31,2769933.8
2018-08-01,2721726.8
2018-08-02,2930985.9
2018-08-03,2764855.8
2018-08-04,2890018.6
2018-08-05,2736967.7
2018-08-06,2864260.6
2018-08-07,2741419.8
2018-08-08,2807410.3
2018-08-09,2768256.0
2018-08-10,2691733.0
2018-08-11,2790129.9
2018-08-12,2502420.3
2018-08-13,2854524.0
2018-08-14,2714521.1
2018-08-15,2766089.9
2018-08-16,2769469.8
2018-08-17,2721492.0
2018-08-18,2787708.4
2018-08-19,2535401.5
2018-08-20,2804417.0
2018-08-21,2619548.4
2018-08-22,2736943.1
2018-08-23,2881890.8
2018-08-24,2638737.8
2018-08-25,2662068.8
2018-08-26,2590777.7
2018-08-27,2725928.0
2018-08-28,2736872.4
2018-08-29,2745192.2
2018-08-30,2754097.3
2018-08-31,2789705.5
2018-09-01,2730220.4
2018-09-02,2514350.9
2018-09-03,2745980.1
2018-09-04,2842310.3
2018-09-05,2675777.5
2018-09-06,2605471.1
2018-09-07,2770517.3
2018-09-08,2669356.0
2018-09-09,2352058.0
2018-09-10,2742317.2
2018-09-11,2629143.3
2018-09-12,2662585.7
2018-09-13,2694240.4
2018-09-14,2680795.4
2018-09-15,2720195.9
2018-09-16,2469132.8
2018-09-17,2700506.0
2018-09-18,2636988.7
2018-09-19,2714721.5
2018-09-20,2703085.9
2018-09-21,2577946.1
2018-09-22,2737091.1
2018-09-23,2450155.2
2018-09-24,2711798.8
2018-09-25,2675306.8
2018-09-26,2790591.4
2018-09-27,2625682.3
2018-09-28,2614436.2
2018-09-29,2639369.8
2018-09-30,2458801.5
2018-10-01,2701990.8
2018-10-02,2509745.8
2018-10-03,2553337.1
2018-10-04,2551354.5
2018-10-05,2710081.3
2018-10-06,2769380.1
2018-10-07,2467733.1
2018-10-08,2619534.3
2018-10-09,2637836.2
2018-10-10,2723541.4
2018-10-11,2558168.7
2018-10-12,2649825.6
2018-10-13,2707678.2
2018-10-14,2509826.7
2018-10-15,2645282.6
2018-10-16,2709217.7
2018-10-17,2416900.2
2018-10-18,2683731.8
2018-10-19,2578737.8
2018-10-20,2486061.8
2018-10-21,2510850.7
2018-10-22,2739510.4
2018-10-23,2620613.1
2018-10-24,2707147.7
2018-10-25,2759752.5
2018-10-26,2736874.3
2018-10-27,2763232.0
2018-10-28,2531445.5
2018-10-29,2641123.5
2018-10-30,2509327.2
2018-10-31,2617463.5
2018-11-01,2571180.9
2018-11-02,2810834.9
2018-11-03,2626149.6
2018-11-04,2491963.3
2018-11-05,2686229.1
2018-11-06,2647280.9
2018-11-07,2779712.5
2018-11-08,2597203.9
2018-11-09,2663608.1
2018-11-10,2590697.0
2018-11-11,2393573.2
2018-11-12,2604353.6
2018-11-13,2651853.2
2018-11-14,2622407.8
2018-11-15,2603279.5
2018-11-16,2548202.6
2018-11-17,2655809.9
2018-11-18,2391575.8
2018-11-19,2727434.8
2018-11-20,2675411.7
2018-11-21,2554253.5
2018-11-22,2648546.1
2018-11-23,2615320.9
2018-11-24,2703749.3
2018-11-25,2621063.2
2018-11-26,2532151.3
2018-11-27,2694929.7
2018-11-28,2675374.2
2018-11-29,2745164.7
2018-11-30,2710928.0
2018-12-01,2635651.7
2018-12-02,2513069.4
2018-12-03,2637667.0
2018-12-04,2792451.2
2018-12-05,2709840.1
2018-12-06,2865767.0
2018-12-07,2709269.2
2018-12-08,2659578.1
2018-12-09,2441132.3
2018-12-10,2576361.4
2018-12-11,2597351.9
2018-12-12,2752119.0
2018-12-13,2775291.4
2018-12-14,2607116.2
2018-12-15,2813939.0
2018-12-16,2541802.0
2018-12-17,2759393.4
2018-12-18,2883866.3
2018-12-19,2828484.4
2018-12-20,3547001.6
2018-12-21,2687763.3
2018-12-22,2586745.6
2018-12-23,2546653.4
2018-12-24,2755102.5
2018-12-25,2694188.5
2018-12-26,2769242.1
2018-12-27,2790411.9
2018-12-28,2769016.9
2018-12-29,2737238.9
2018-12-30,2641117.2
2018-12-31,2836570.8
2019-01-01,2711672.8
2019-01-02,2926147.0
2019-01-03,2802965.5
2019-01-04,2816851.6
2019-01-05,2879155.2
2019-01-06,2672439.9
2019-01-07,2908139.0
2019-01-08,2855723.8
2019-01-09,2783293.3
2019-01-10,2870246.4
2019-01-11,2745959.8
2019-01-12,2856883.3
2019-01-13,2677925.7
2019-01-14,2837967.1
2019-01-15,2848871.9
2019-01-16,2702318.1
2019-01-17,2820902.8
2019-01-18,2880229.1
2019-01-19,2890135.7
2019-01-20,2624149.8
2019-01-21,2994094.9
2019-01-22,2813609.4
2019-01-23,2976908.8
2019-01-24,2934000.8
2019-01-25,2844726.8
2019-01-26,3059773.5
2019-01-27,2636658.1
2019-01-28,2993525.5
2019-01-29,3004819.3
2019-01-30,2862522.0
2019-01-31,3047526.9
2019-02-01,2907366.2
2019-02-02,2958745.7
2019-02-03,2782647.9
2019-02-04,2929438.7
2019-02-05,3016877.4
2019-02-06,3019367.2
2019-02-07,2798162.8
2019-02-08,3072658.1
2019-02-09,2813141.9
2019-02-10,2873092.0
2019-02-11,3068793.6
2019-02-12,2874960.8
2019-02-13,2939316.8
2019-02-14,2880879.7
2019-02-15,2964180.8
2019-02-16,2959478.3
2019-02-17,2877027.6
2019-02-18,3112019.9
2019-02-19,3123404.6
2019-02-20,2950793.9
2019-02-21,2986047.1
2019-02-22,2856433.8
2019-02-23,2938972.4
2019-02-24,2916295.5
2019-02-25,3164806.7
2019-02-26,2909908.2
2019-02-27,2971297.8
2019-02-28,3025881.3
2019-03-01,3056930.6
2019-03-02,2960874.4
2019-03-03,2891726.3
2019-03-04,2997470.9
2019-03-05,3042363.0
2019-03-06,3096552.0
2019-03-07,3050100.7
2019-03-08,3012394.0
2019-03-09,3045098.5
2019-03-10,2866791.1
2019-03-11,3026597.7
2019-03-12,3039423.0
2019-03-13,3212819.4
2019-03-14,3119944.8
2019-03-15,3043563.3
2019-03-16,3137456.1
2019-03-17,2862073.1
2019-03-18,3186182.9
2019-03-19,3114262.2
2019-03-20,3072370.3
2019-03-21,3125848.3
2019-03-22,2941033.1
2019-03-23,2984095.2
2019-03-24,2800965.2
2019-03-25,3105589.9
2019-03-26,3254973.5
2019-03-27,3303153.2
2019-03-28,3156908.3
2019-03-29,3145819.0
2019-03-30,2933281.6
2019-03-31,2868717.1
2019-04-01,3030424.6
2019-04-02,3047322.5
2019-04-03,3090801.9
2019-04-04,3063707.0
2019-04-05,2924300.3
2019-04-06,3179801.3
2019-04-07,2830292.9
2019-04-08,3134391.6
2019-04-09,3306668.7
2019-04-10,3027937.4
2019-04-11,2878178.3
2019-04-12,3088588.3
2019-04-13,3218881.4
2019-04-14,3101663.4
2019-04-15,3002077.2
2019-04-16,3163950.6
2019-04-17,3074347.8
2019-04-18,3108266.1
2019-04-19,3365799.3
2019-04-20,2977969.5
2019-04-21,2953878.8
2019-04-22,3162474.5
2019-04-23,3220266.9
2019-04-24,3127742.7
2019-04-25,3147221.6
2019-04-26,3081525.1
2019-04-27,3143025.6
2019-04-28,2900256.0
2019-04-29,3175154.4
2019-04-30,3081961.2
2019-05-01,3151188.8
2019-05-02,3112556.1
2019-05-03,3219791.9
2019-05-04,3108994.9
2019-05-05,2770525.6
2019-05-06,3229849.1
2019-05-07,3026521.8
2019-05-08,3049013.7
2019-05-09,3053344.5
2019-05-10,3235866.2
2019-05-11,2907452.2
2019-05-12,3193631.4
2019-05-13,3202148.8
2019-05-14,3123161.6
2019-05-15,3095784.7
2019-05-16,3125886.9
2019-05-17,3146147.8
2019-05-18,3155969.3
2019-05-19,2957125.6
2019-05-20,3100814.0
2019-05-21,3072347.5
2019-05-22,3074709.9
2019-05-23,3068702.4
2019-05-24,3189638.8
2019-05-25,3137518.8
2019-05-26,2640221.4
2019-05-27,3138849.1
2019-05-28,3093990.4
2019-05-29,3071982.8
2019-05-30,3035544.1
2019-05-31,3172418.3
2019-06-01,3153619.5
2019-06-02,2813316.5
2019-06-03,3098742.7
2019-06-04,2969575.2
2019-06-05,2929579.2
2019-06-06,2995938.5
2019-06-07,3129503.5
2019-06-08,3134913.7
2019-06-09,2906270.6
2019-06-10,3108177.6
2019-06-11,3086119.4
2019-06-12,2977641.5
2019-06-13,3072338.8
2019-06-14,3102721.7
2019-06-15,3095346.9
2019-06-16,2943656.3
2019-06-17,3084695.6
2019-06-18,3049098.6
2019-06-19,3110787.2
2019-06-20,3008330.6
2019-06-21,2927830.1
2019-06-22,2989334.2
2019-06-23,2757563.4
2019-06-24,2936496.7
2019-06-25,2980769.4
2019-06-26,2919176.6
2019-06-27,2959155.1
2019-06-28,2813737.5
2019-06-29,2998709.3
2019-06-30,2797590.9
2019-07-01,2899576.9
2019-07-02,3027518.7
2019-07-03,3048547.7
2019-07-04,2818647.7
2019-07-05,2890095.3
2019-07-06,2885898.2
2019-07-07,2695112.0
2019-07-08,3019909.6
2019-07-09,3500917.2
2019-07-10,2915731.4
2019-07-11,2758813.4
2019-07-12,2987356.0
2019-07-13,2818825.7
2019-07-14,2753367.0
2019-07-15,2944335.1
2019-07-16,3035249.2
2019-07-17,2798025.6
2019-07-18,2645072.6
2019-07-19,2920727.6
2019-07-20,3057559.4
2019-07-21,2824424.7
2019-07-22,2911389.0
2019-07-23,2846740.6
2019-07-24,2955393.0
2019-07-25,2797532.4
2019-07-26,2919001.5
2019-07-27,2917642.4
2019-07-28,2783852.7
2019-07-29,3103769.3
2019-07-30,2896369.9
2019-07-31,2815241.9
2019-08-01,2852941.2
2019-08-02,2700054.1
2019-08-03,2788301.3
2019-08-04,2640473.5
2019-08-05,2795578.1
2019-08-06,2849518.2
2019-08-07,2762997.5
2019-08-08,2924402.4
2019-08-09,2825651.5
2019-08-10,2821251.5
2019-08-11,2623298.6
2019-08-12,2828028.1
2019-08-13,2880994.1
2019-08-14,2734867.3
2019-08-15,2749079.6
2019-08-16,2775493.8
2019-08-17,2684656.9
2019-08-18,2562032.9
2019-08-19,2751032.8
2019-08-20,2860725.1
2019-08-21,2806264.5
2019-08-22,2797251.7
2019-08-23,2848815.4
2019-08-24,2763310.9
2019-08-25,2635848.1
2019-08-26,2759974.7
2019-08-27,2787525.6
2019-08-28,2714217.1
2019-08-29,2557658.0
2019-08-30,2745545.2
2019-08-31,2871323.1
2019-09-01,2657760.5
2019-09-02,2827784.8
2019-09-03,2847278.5
2019-09-04,2750083.1
2019-09-05,2756379.4
2019-09-06,2686854.0
2019-09-07,2709117.4
2019-09-08,2616070.7
2019-09-09,2828753.6
2019-09-10,2716366.9
2019-09-11,2688651.1
2019-09-12,2723239.9
2019-09-13,2770064.8
2019-09-14,2601068.0
2019-09-15,2377820.7
2019-09-16,2669865.6
2019-09-17,2613377.8
2019-09-18,2669475.5
2019-09-19,2696926.9
2019-09-20,2670323.7
2019-09-21,2823276.0
2019-09-22,2566399.7
2019-09-23,2726446.9
2019-09-24,2750940.4
2019-09-25,2606823.7
2019-09-26,2781697.3
2019-09-27,2690106.8
2019-09-28,2749137.3
2019-09-29,2450648.1
2019-09-30,2567009.0
2019-10-01,2757442.4
2019-10-02,2720740.0
2019-10-03,2616602.3
2019-10-04,2618327.1
2019-10-05,2778365.8
2019-10-06,2435513.6
2019-10-07,2818506.8
2019-10-08,2612931.7
2019-10-09,2736334.8
2019-10-10,2657941.6
2019-10-11,2732534.3
2019-10-12,2639789.5
2019-10-13,2509976.3
2019-10-14,2686351.7
2019-10-15,2602230.0
2019-10-16,2742421.0
2019-10-17,2641464.2
2019-10-18,2664412.3
2019-10-19,2602889.0
2019-10-20,2328240.7
2019-10-21,2667973.3
2019-10-22,2877909.3
2019-10-23,2747234.4
2019-10-24,2682962.0
2019-10-25,2663862.3
2019-10-26,2687442.7
2019-10-27,2566564.0
2019-10-28,2591840.7
2019-10-29,2777680.0
2019-10-30,2746398.2
2019-10-31,2747580.7
2019-11-01,2726028.4
2019-11-02,2693290.6
2019-11-03,2582370.5
2019-11-04,2741882.4
2019-11-05,2666696.0
2019-11-06,2650258.2
2019-11-07,2706311.9
2019-11-08,2824987.2
2019-11-09,2600666.4
2019-11-10,2428666.2
2019-11-11,2717707.1
2019-11-12,2710200.6
2019-11-13,2721943.9
2019-11-14,2729549.7
2019-11-15,2693479.6
2019-11-16,2834905.3
2019-11-17,2430120.5
2019-11-18,2650213.5
2019-11-19,2711501.6
2019-11-20,2587960.3
2019-11-21,2710060.2
2019-11-22,2862688.4
2019-11-23,2730884.2
2019-11-24,2585504.4
2019-11-25,2630780.1
2019-11-26,2686109.5
2019-11-27,2708504.5
2019-11-28,2715881.9
2019-11-29,2850283.9
2019-11-30,2793504.4
2019-12-01,2499146.5
2019-12-02,2773624.6
2019-12-03,2797400.2
2019-12-04,2853571.1
2019-12-05,2893208.1
2019-12-06,2681108.9
2019-12-07,2701110.6
2019-12-08,2507045.6
2019-12-09,2755381.6
2019-12-10,2817002.1
2019-12-11,2863835.4
2019-12-12,2778461.2
2019-12-13,2761451.9
2019-12-14,2804355.9
2019-12-15,2561590.8
2019-12-16,2974082.1
2019-12-17,2667053.1
2019-12-18,2821347.2
2019-12-19,2979982.1
2019-12-20,2813665.6
2019-12-21,2800731.4
2019-12-22,2622859.9
2019-12-23,2809001.0
2019-12-24,2944555.0
2019-12-25,2643989.5
2019-12-26,2966208.3
2019-12-27,2718329.1
2019-12-28,2820793.5
2019-12-29,2642155.7
2019-12-30,2901773.6
2019-12-31,2718506.6
2020-01-01,2899051.7
2020-01-02,3037320.3
2020-01-03,2750201.3
2020-01-04,2887868.3
2020-01-05,2649384.6
2020-01-06,2916487.3
2020-01-07,2885458.4
2020-01-08,2832346.1
2020-01-09,2934385.4
2020-01-10,3052974.7
2020-01-11,2883746.8
2020-01-12,2789204.4
2020-01-13,2795842.5
2020-01-14,2829294.4
2020-01-15,2958399.6
2020-01-16,3051311.6
2020-01-17,2956649.5
2020-01-18,2902119.5
2020-01-19,2757740.3
2020-01-20,2827811.3
2020-01-21,2995574.3
2020-01-22,3024397.1
2020-01-23,2910573.7
2020-01-24,2913106.3
2020-01-25,2982548.2
2020-01-26,2748834.2
2020-01-27,2961384.0
2020-01-28,3158593.4
2020-01-29,2953504.4
2020-01-30,2947647.7
2020-01-31,2925826.7
2020-02-01,3054593.5
2020-02-02,2797158.4
2020-02-03,2937663.8
2020-02-04,3118995.4
2020-02-05,3132039.6
2020-02-06,2953921.7
2020-02-07,2843423.8
2020-02-08,3107211.5
2020-02-09,2780482.2
2020-02-10,3095621.9
2020-02-11,2848833.0
2020-02-12,3112824.0
2020-02-13,2925178.6
2020-02-14,3105903.4
2020-02-15,3044346.8
2020-02-16,2782013.7
2020-02-17,3013238.5
2020-02-18,3117044.3
2020-02-19,3067512.1
2020-02-20,3115073.3
2020-02-21,3246696.1
2020-02-22,2924495.6
2020-02-23,3027759.7
2020-02-24,3085056.2
2020-02-25,2995819.4
2020-02-26,2959192.6
2020-02-27,3068018.5
2020-02-28,3174207.9
2020-02-29,3080207.2
2020-03-01,3041416.3
2020-03-02,2963482.7
2020-03-03,3100342.0
2020-03-04,2987872.0
2020-03-05,3141412.4
2020-03-06,3193220.1
2020-03-07,3074059.6
2020-03-08,2700382.6
2020-03-09,3137614.9
2020-03-10,3162641.7
2020-03-11,3162322.8
2020-03-12,3242990.4
2020-03-13,3029076.1
2020-03-14,3196073.5
2020-03-15,3051957.2
2020-03-16,2969643.4
2020-03-17,3169481.3
2020-03-18,3094146.7
2020-03-19,3136206.7
2020-03-20,3178880.0
2020-03-21,3102158.5
2020-03-22,2901182.2
2020-03-23,3155438.8
2020-03-24,3051253.3
2020-03-25,3053188.0
2020-03-26,3222150.8
2020-03-27,3050635.4
2020-03-28,3224384.1
2020-03-29,3014289.2
2020-03-30,3000506.1
2020-03-31,3101459.2
2020-04-01,3280677.8
2020-04-02,3075292.0
2020-04-03,3125669.8
2020-04-04,3214995.4
2020-04-05,3051926.1
2020-04-06,3149303.9
2020-04-07,3117353.7
2020-04-08,3310677.0
2020-04-09,3341740.0
2020-04-10,3270143.2
2020-04-11,3185714.5
2020-04-12,2915104.6
2020-04-13,3099636.1
2020-04-14,3229190.0
2020-04-15,3219716.5
2020-04-16,3313905.8
2020-04-17,3242560.1
2020-04-18,3037312.5
2020-04-19,3084419.0
2020-04-20,3085769.5
2020-04-21,3144404.8
2020-04-22,3204887.4
2020-04-23,3371344.9
2020-04-24,3477481.9
2020-04-25,3238372.1
2020-04-26,2972927.4
2020-04-27,3230770.3
2020-04-28,3263992.6
2020-04-29,3148225.2
2020-04-30,3349380.8
2020-05-01,3199485.6
2020-05-02,3224262.5
2020-05-03,3045109.8
2020-05-04,3215322.5
2020-05-05,3254122.2
2020-05-06,3114472.7
2020-05-07,3119036.7
2020-05-08,3066376.2
2020-05-09,3211630.9
2020-05-10,3048058.7
2020-05-11,3210738.9
2020-05-12,3324883.7
2020-05-13,3163857.9
2020-05-14,3226320.5
2020-05-15,3057744.8
2020-05-16,3122937.9
2020-05-17,3030383.7
2020-05-18,3236542.0
2020-05-19,3126492.5
2020-05-20,3145643.5
2020-05-21,3006999.1
2020-05-22,3114721.2
2020-05-23,3230413.9
2020-05-24,3006585.1
2020-05-25,3189240.9
2020-05-26,3144489.1
2020-05-27,3138162.7
2020-05-28,3073033.7
2020-05-29,3198403.8
2020-05-30,3169792.5
2020-05-31,2983472.6
2020-06-01,3075849.0
2020-06-02,2920826.3
2020-06-03,3222558.0
2020-06-04,3072366.2
2020-06-05,3033760.6
2020-06-06,3176282.7
2020-06-07,2887793.3
2020-06-08,3204521.7
2020-06-09,3160236.7
2020-06-10,3163365.5
2020-06-11,2969847.8
2020-06-12,3206136.6
2020-06-13,3114744.8
2020-06-14,2869956.9
2020-06-15,3097400.8
2020-06-16,2916709.8
2020-06-17,3115319.9
2020-06-18,2979325.6
2020-06-19,2946281.5
2020-06-20,2927405.7
2020-06-21,2976368.7
2020-06-22,3002826.9
2020-06-23,3197772.0
2020-06-24,3004499.1
2020-06-25,2893802.2
2020-06-26,2944400.1
2020-06-27,3155642.9
2020-06-28,2843481.8
2020-06-29,2985602.5
2020-06-30,3046401.5
2020-07-01,3073722.6
2020-07-02,3125792.8
2020-07-03,3151921.0
2020-07-04,2984327.5
2020-07-05,2719641.8
2020-07-06,2971969.9
2020-07-07,3028945.0
2020-07-08,2914856.7
2020-07-09,2911714.3
2020-07-10,3024812.9
2020-07-11,2985699.4
2020-07-12,2809773.7
2020-07-13,2914431.9
2020-07-14,2957810.2
2020-07-15,2892020.3
2020-07-16,3049918.6
2020-07-17,3058812.2
2020-07-18,2798666.3
2020-07-19,2703756.7
2020-07-20,2822265.6
2020-07-21,2893468.4
2020-07-22,2939726.1
2020-07-23,2815196.8
2020-07-24,2858002.0
2020-07-25,2846982.0
2020-07-26,2772745.7
2020-07-27,2933709.1
2020-07-28,2860440.2
2020-07-29,2935371.9
2020-07-30,2868208.3
2020-07-31,2888461.6
2020-08-01,3054382.3
2020-08-02,2840085.6
2020-08-03,2787679.1
2020-08-04,2969111.5
2020-08-05,2963672.2
2020-08-06,2789973.4
2020-08-07,2956682.8
2020-08-08,3015082.1
2020-08-09,2614615.0
2020-08-10,2795669.4
2020-08-11,2958838.9
2020-08-12,2890948.9
2020-08-13,2911414.9
2020-08-14,2889727.1
2020-08-15,2890484.2
2020-08-16,2575575.1
2020-08-17,2939637.8
2020-08-18,2946568.6
2020-08-19,2823748.2
2020-08-20,2836276.7
2020-08-21,2706385.4
2020-08-22,2877136.7
2020-08-23,2706047.3
2020-08-24,2821746.8
2020-08-25,2919131.8
2020-08-26,2792511.0
2020-08-27,2865452.7
2020-08-28,2728611.1
2020-08-29,2809758.3
2020-08-30,2626482.7
2020-08-31,2824912.5
2020-09-01,2772042.9
2020-09-02,2789292.2
2020-09-03,2866934.5
2020-09-04,2758302.8
2020-09-05,2657712.8
2020-09-06,2759971.7
2020-09-07,2902699.6
2020-09-08,2676757.7
2020-09-09,2839865.3
2020-09-10,2737984.7
2020-09-11,2799579.1
2020-09-12,2799868.1
2020-09-13,2588453.2
2020-09-14,2705882.3
2020-09-15,2711596.0
2020-09-16,2690886.9
2020-09-17,2695978.8
2020-09-18,2757509.4
2020-09-19,2701947.5
2020-09-20,2646969.1
2020-09-21,2880790.0
2020-09-22,2708133.7
2020-09-23,2774288.2
2020-09-24,2794248.4
2020-09-25,2790480.4
2020-09-26,2756389.2
2020-09-27,2641433.9
2020-09-28,2787276.3
2020-09-29,2644356.8
2020-09-30,2816775.2
2020-10-01,2817174.9
2020-10-02,2680317.8
2020-10-03,2745322.1
2020-10-04,2629683.7
2020-10-05,2723335.6
2020-10-06,2828012.1
2020-10-07,2933413.5
2020-10-08,2674000.7
2020-10-09,2624615.6
2020-10-10,2762560.6
2020-10-11,2628693.3
2020-10-12,2717965.0
2020-10-13,2855995.5
2020-10-14,2626620.2
2020-10-15,2793298.8
2020-10-16,2686651.4
2020-10-17,2877578.9
2020-10-18,2726114.1
2020-10-19,2673783.0
2020-10-20,2691857.2
2020-10-21,2807894.3
2020-10-22,2705905.4
2020-10-23,2734436.0
2020-10-24,2740788.1
2020-10-25,2426657.8
2020-10-26,2738846.9
2020-10-27,2684019.6
2020-10-28,2700988.7
2020-10-29,2861203.6
2020-10-30,2639974.0
2020-10-31,2811363.6
2020-11-01,2559175.0
2020-11-02,2723612.7
2020-11-03,2813050.6
2020-11-04,2777238.8
2020-11-05,2797643.6
2020-11-06,2831924.5
2020-11-07,2726123.8
2020-11-08,2542188.3
2020-11-09,2666948.2
2020-11-10,2690085.4
2020-11-11,3004352.0
2020-11-12,2865115.6
2020-11-13,2651849.2
2020-11-14,2656101.3
2020-11-15,2639392.7
2020-11-16,2815412.2
2020-11-17,2817727.4
2020-11-18,2753068.2
2020-11-19,2766106.0
2020-11-20,2806218.5
2020-11-21,2788439.3
2020-11-22,2442479.6
2020-11-23,2767017.5
2020-11-24,2717557.6
2020-11-25,2806082.6
2020-11-26,3044319.3
2020-11-27,2827653.1
2020-11-28,2773274.4
2020-11-29,2707151.0
2020-11-30,2845966.9
2020-12-01,2843683.5
2020-12-02,2862471.1
2020-12-03,2987974.4
2020-12-04,2721853.6
2020-12-05,2860666.5
2020-12-06,2580590.5
2020-12-07,2874144.2
2020-12-08,2752316.3
2020-12-09,2798178.0
2020-12-10,2811923.9
2020-12-11,2923617.3
2020-12-12,2922292.1
2020-12-13,2576565.8
2020-12-14,2855688.9
2020-12-15,2793813.4
2020-12-16,2750296.1
2020-12-17,2843241.8
2020-12-18,2839057.1
2020-12-19,3078205.1
2020-12-20,2735780.9
2020-12-21,2757995.7
2020-12-22,2831923.1
2020-12-23,2972990.3
2020-12-24,3069475.9
2020-12-25,2754810.5
2020-12-26,2733038.4
2020-12-27,2879376.9
2020-12-28,2938329.5
2020-12-29,2832655.5
2020-12-30,2959186.8
2020-12-31,2685935.1
2021-01-01,2917007.6
2021-01-02,2949538.9
2021-01-03,2825675.9
2021-01-04,2839982.2
2021-01-05,2940773.7
2021-01-06,2855857.4
2021-01-07,3792019.9
2021-01-08,2866675.9
2021-01-09,2913900.7
2021-01-10,2694030.3
2021-01-11,3016276.3
2021-01-12,3039033.8
2021-01-13,2946105.6
2021-01-14,2974660.5
2021-01-15,2846211.2
2021-01-16,2953004.4
2021-01-17,2800800.9
2021-01-18,3223303.3
2021-01-19,2892795.9
2021-01-20,3128545.4
2021-01-21,3090934.9
2021-01-22,3030759.3
2021-01-23,3168514.9
2021-01-24,2864777.9
2021-01-25,3053485.6
2021-01-26,3017681.7
2021-01-27,3137842.2
2021-01-28,3130671.5
2021-01-29,2978218.6
2021-01-30,2919105.5
2021-01-31,2843553.1
2021-02-01,2974618.4
2021-02-02,3046114.1
2021-02-03,3169526.0
2021-02-04,3018217.9
2021-02-05,3060370.6
2021-02-06,3073733.8
2021-02-07,2961619.5
2021-02-08,2869119.8
2021-02-09,3024443.5
2021-02-10,3104053.3
2021-02-11,3199657.8
2021-02-12,3046766.7
2021-02-13,2921996.8
2021-02-14,2968352.5
2021-02-15,3044865.4
2021-02-16,2996925.4
2021-02-17,3053342.7
2021-02-18,3098124.4
2021-02-19,3062493.3
2021-02-20,2916131.3
2021-02-21,3017896.6
2021-02-22,3249698.9
2021-02-23,3194793.9
2021-02-24,3029994.4
2021-02-25,3121556.3
2021-02-26,3143358.2
2021-02-27,3203901.7
2021-02-28,3021047.7
2021-03-01,3084540.2
2021-03-02,3165027.6
2021-03-03,3203823.7
2021-03-04,3301795.0
2021-03-05,3233662.8
2021-03-06,3244826.2
2021-03-07,2989931.7
2021-03-08,3310133.6
2021-03-09,3217733.6
2021-03-10,3099321.9
2021-03-11,3318367.2
2021-03-12,3253772.7
2021-03-13,3147334.6
2021-03-14,2957651.3
2021-03-15,3223356.4
2021-03-16,3241873.9
2021-03-17,3218837.9
2021-03-18,3232200.9
2021-03-19,3368061.2
2021-03-20,3309994.1
2021-03-21,3033822.4
2021-03-22,3301953.0
2021-03-23,3113822.0
2021-03-24,3253768.7
2021-03-25,3391981.3
2021-03-26,3198186.2
2021-03-27,3139169.1
2021-03-28,2970210.9
2021-03-29,3119141.6
2021-03-30,3150231.7
2021-03-31,3191877.8
2021-04-01,3093089.8
2021-04-02,3232207.1
2021-04-03,3319547.4
2021-04-04,2956588.9
2021-04-05,3382019.2
2021-04-06,3285337.3
2021-04-07,3336921.3
2021-04-08,3173970.4
2021-04-09,3321853.4
2021-04-10,3133581.2
2021-04-11,3127443.3
2021-04-12,3257974.1
2021-04-13,3295745.9
2021-04-14,3128182.5
2021-04-15,3155988.0
2021-04-16,3301645.6
2021-04-17,3151630.1
2021-04-18,3091962.6
2021-04-19,3111416.7
2021-04-20,3327223.5
2021-04-21,3124789.5
2021-04-22,3298563.7
2021-04-23,3305663.6
2021-04-24,3176830.6
2021-04-25,3103057.8
2021-04-26,3269571.5
2021-04-27,3191463.3
2021-04-28,3145371.8
2021-04-29,3052100.0
2021-04-30,3276525.7
2021-05-01,3089721.5
2021-05-02,3055477.1
2021-05-03,3214882.5
2021-05-04,3305687.2
2021-05-05,3209451.4
2021-05-06,3205847.7
2021-05-07,3307897.9
2021-05-08,3268267.2
2021-05-09,3069350.3
2021-05-10,3278884.1
2021-05-11,3083182.5
2021-05-12,3304067.9
2021-05-13,3288631.6
2021-05-14,3129358.4
2021-05-15,3202630.8
2021-05-16,3027584.1
2021-05-17,3209950.0
2021-05-18,3253471.3
2021-05-19,3357643.4
2021-05-20,3321945.9
2021-05-21,3089006.9
2021-05-22,3273571.4
2021-05-23,3139206.2
2021-05-24,3246670.6
2021-05-25,3312224.0
2021-05-26,3398499.7
2021-05-27,3301086.9
2021-05-28,3224314.4
2021-05-29,3298237.4
2021-05-30,3016836.8
2021-05-31,3195284.5
2021-06-01,3156789.5
2021-06-02,3337315.9
2021-06-03,3106920.0
2021-06-04,3328693.7
2021-06-05,3227297.8
2021-06-06,2860822.7
2021-06-07,3208915.5
2021-06-08,2971208.0
2021-06-09,3227456.9
2021-06-10,3249040.5
2021-06-11,3105732.7
2021-06-12,3170519.8
2021-06-13,3140218.0
2021-06-14,3104631.0
2021-06-15,3049181.2
2021-06-16,3285781.5
2021-06-17,3327656.6
2021-06-18,3139617.5
2021-06-19,3231029.7
2021-06-20,3062996.8
2021-06-21,3059281.5
2021-06-22,3079973.1
2021-06-23,3237225.4
2021-06-24,3276013.1
2021-06-25,3167378.3
2021-06-26,3029036.8
2021-06-27,3095177.3
2021-06-28,3054373.7
2021-06-29,3068935.9
2021-06-30,3128169.5
2021-07-01,3236802.0
2021-07-02,3167960.5
2021-07-03,3123418.3
2021-07-04,2936580.0
2021-07-05,3081369.1
2021-07-06,3124951.5
2021-07-07,2836665.1
2021-07-08,3038431.8
2021-07-09,3083966.2
2021-07-10,2952285.1
2021-07-11,2903971.7
2021-07-12,3031279.8
2021-07-13,3206447.3
2021-07-14,3185619.9
2021-07-15,2995633.6
2021-07-16,3020377.6
2021-07-17,3023399.1
2021-07-18,2806020.2
2021-07-19,3039820.6
2021-07-20,2949486.8
2021-07-21,2911915.5
2021-07-22,3066391.7
2021-07-23,3062941.5
2021-07-24,2929739.3
2021-07-25,2894007.8
2021-07-26,2937489.4
2021-07-27,3012963.8
2021-07-28,3059786.1
2021-07-29,2979334.3
2021-07-30,3019033.8
2021-07-31,2928390.8
2021-08-01,2775868.1
2021-08-02,2948338.3
2021-08-03,2896417.4
2021-08-04,2943216.8
2021-08-05,2817771.9
2021-08-06,2907744.8
2021-08-07,2922231.6
2021-08-08,2745750.1
2021-08-09,2918570.1
2021-08-10,2930688.4
2021-08-11,2974591.3
2021-08-12,3005561.5
2021-08-13,2868045.4
2021-08-14,2815978.9
2021-08-15,2657016.1
2021-08-16,2871661.1
2021-08-17,2879985.9
2021-08-18,2840053.2
2021-08-19,2790829.3
2021-08-20,2860612.7
2021-08-21,2912665.6
2021-08-22,2768475.7
2021-08-23,2841877.6
2021-08-24,2851155.2
2021-08-25,2803509.9
2021-08-26,2877758.6
2021-08-27,2804078.5
2021-08-28,2923615.4
2021-08-29,2554262.6
2021-08-30,2837152.9
2021-08-31,2890996.6
2021-09-01,2877966.8
2021-09-02,3090301.8
2021-09-03,2886435.8
2021-09-04,2767716.7
2021-09-05,2672207.5
2021-09-06,2696479.5
2021-09-07,2838744.2
2021-09-08,2771995.3
2021-09-09,2918530.7
2021-09-10,2791268.6
2021-09-11,2825712.5
2021-09-12,2612513.0
2021-09-13,2978673.4
2021-09-14,2801492.3
2021-09-15,2981969.0
2021-09-16,2893438.4
2021-09-17,2863209.3
2021-09-18,2851591.4
2021-09-19,2680646.1
2021-09-20,2653695.1
2021-09-21,2791215.6
2021-09-22,2884339.1
2021-09-23,2807206.3
2021-09-24,2691264.1
2021-09-25,2803738.7
2021-09-26,2773139.8
2021-09-27,2910174.0
2021-09-28,2798666.0
2021-09-29,2882586.7
2021-09-30,2770566.4
2021-10-01,2657076.8
2021-10-02,2721495.2
2021-10-03,2753543.8
2021-10-04,2774166.8
2021-10-05,2775862.1
2021-10-06,2770323.5
2021-10-07,2954375.6
2021-10-08,2930350.2
2021-10-09,2979402.4
2021-10-10,2612829.3
2021-10-11,2817239.9
2021-10-12,2665049.9
2021-10-13,2915470.8
2021-10-14,2693732.6
2021-10-15,2809510.3
2021-10-16,2699371.6
2021-10-17,2577403.8
2021-10-18,2721161.4
2021-10-19,2740483.1
2021-10-20,2746424.9
2021-10-21,2745913.9
2021-10-22,2861969.5
2021-10-23,2700006.2
2021-10-24,2642831.3
2021-10-25,2895664.1
2021-10-26,2751188.6
2021-10-27,2734702.3
2021-10-28,2776324.6
2021-10-29,2895463.6
2021-10-30,2813683.9
2021-10-31,2588545.7
2021-11-01,2840049.7
2021-11-02,2707917.4
2021-11-03,2858981.4
2021-11-04,2837326.1
2021-11-05,2778395.1
2021-11-06,2735099.5
2021-11-07,2568525.7
2021-11-08,2853739.4
2021-11-09,2913886.7
2021-11-10,2758176.9
2021-11-11,2852364.2
2021-11-12,2639192.0
2021-11-13,2767924.4
2021-11-14,2647642.0
2021-11-15,2744269.9
2021-11-16,2744002.5
2021-11-17,2768845.9
2021-11-18,2852424.0
2021-11-19,2813985.1
2021-11-20,2642028.5
2021-11-21,2494984.3
2021-11-22,2785362.8
2021-11-23,2878497.9
2021-11-24,2607808.1
2021-11-25,2802033.6
2021-11-26,2802401.6
2021-11-27,2968791.1
2021-11-28,2650724.4
2021-11-29,2888526.7
2021-11-30,2870728.0
2021-12-01,2678664.2
2021-12-02,2930591.0
2021-12-03,2886162.9
2021-12-04,2914516.8
2021-12-05,3019669.7
2021-12-06,2697230.5
2021-12-07,3029412.3
2021-12-08,2858821.3
2021-12-09,2911931.5
2021-12-10,2886502.4
2021-12-11,2857066.9
2021-12-12,2676988.7
2021-12-13,2929604.5
2021-12-14,2772308.2
2021-12-15,2973611.9
2021-12-16,2875433.8
2021-12-17,2816649.6
2021-12-18,2879819.5
2021-12-19,2851251.8
2021-12-20,2879815.1
2021-12-21,2962183.5
2021-12-22,2870199.8
2021-12-23,3005279.9
2021-12-24,3002924.9
2021-12-25,3109793.4
2021-12-26,2758768.4
2021-12-27,3013700.9
2021-12-28,2967203.8
2021-12-29,3737152.8
2021-12-30,2902728.2
2021-12-31,3037243.1
2022-01-01,2957629.4
2022-01-02,2795045.6
2022-01-03,2991605.5
2022-01-04,3010224.5
2022-01-05,2981425.4
2022-01-06,3015414.6
2022-01-07,3142437.8
2022-01-08,3093505.3
2022-01-09,2902189.3
2022-01-10,2972110.1
2022-01-11,2937112.2
2022-01-12,3108552.7
2022-01-13,3105823.0
2022-01-14,3164529.9
2022-01-15,2979997.7
2022-01-16,2837312.9
2022-01-17,2894006.5
2022-01-18,3012185.2
2022-01-19,3143697.2
2022-01-20,3014022.6
2022-01-21,3119982.8
2022-01-22,3048003.9
2022-01-23,2913739.9
2022-01-24,2968380.5
2022-01-25,3086441.2
2022-01-26,2806264.8
2022-01-27,3069922.7
2022-01-28,2940327.4
2022-01-29,3207859.3
2022-01-30,2982098.4
2022-01-31,3147882.2
2022-02-01,3250531.3
2022-02-02,3024309.5
2022-02-03,3280558.2
2022-02-04,3208653.9
2022-02-05,3103370.1
2022-02-06,3042162.7
2022-02-07,3029853.6
2022-02-08,3060364.2
2022-02-09,3084712.5
2022-02-10,3096222.3
2022-02-11,3050341.6
2022-02-12,3269942.5
2022-02-13,2945646.4
2022-02-14,3195586.2
2022-02-15,3111895.5
2022-02-16,2996821.2
2022-02-17,3199527.4
2022-02-18,2995341.3
2022-02-19,3174868.6
2022-02-20,2871152.1
2022-02-21,3378990.7
2022-02-22,3279832.1
2022-02-23,3206314.5
2022-02-24,3321068.9
2022-02-25,3688904.8
2022-02-26,3259094.4
2022-02-27,3035739.5
2022-02-28,3239133.1
2022-03-01,3339841.0
2022-03-02,3291129.4
2022-03-03,3251554.9
2022-03-04,3066651.1
2022-03-05,3136995.0
2022-03-06,3027967.2
2022-03-07,3245276.8
2022-03-08,3129397.0
2022-03-09,3476761.2
2022-03-10,3392720.1
2022-03-11,3306616.0
2022-03-12,3257767.3
2022-03-13,3038802.2
2022-03-14,3163173.9
2022-03-15,3266359.5
2022-03-16,3286567.0
2022-03-17,3142264.5
2022-03-18,3299041.0
2022-03-19,3253452.8
2022-03-20,2898757.6
2022-03-21,3188767.6
2022-03-22,3234807.7
2022-03-23,3463192.3
2022-03-24,3334406.2
2022-03-25,3150171.4
2022-03-26,3331463.2
2022-03-27,2944970.3
2022-03-28,3394031.2
2022-03-29,3242509.4
2022-03-30,3281420.6
2022-03-31,3423211.8
2022-04-01,3688816.8
2022-04-02,3157146.4
2022-04-03,3044603.3
2022-04-04,3400719.6
2022-04-05,3148857.9
2022-04-06,3020004.3
2022-04-07,3256853.0
2022-04-08,3357247.6
2022-04-09,3422509.4
2022-04-10,3063029.6
2022-04-11,3264490.5
2022-04-12,3420490.7
2022-04-13,3121249.6
2022-04-14,3268796.7
2022-04-15,3326784.9
2022-04-16,3352942.8
2022-04-17,3062660.9
2022-04-18,3312498.3
2022-04-19,3062290.4
2022-04-20,3244156.4
2022-04-21,3354645.8
2022-04-22,3212120.2
2022-04-23,3315469.7
2022-04-24,3152637.9
2022-04-25,3275310.8
2022-04-26,3325985.3
2022-04-27,3213172.2
2022-04-28,3287828.7
2022-04-29,3368418.1
2022-04-30,3322893.6
2022-05-01,3053607.7
2022-05-02,3328254.4
2022-05-03,3376117.7
2022-05-04,3101213.2
2022-05-05,3418401.6
2022-05-06,3269245.9
2022-05-07,3343664.4
2022-05-08,3213817.5
2022-05-09,3163470.1
2022-05-10,3227795.4
2022-05-11,3268134.4
2022-05-12,3217807.7
2022-05-13,3465275.6
2022-05-14,3207696.7
2022-05-15,3041737.1
2022-05-16,3309252.4
2022-05-17,3168811.6
2022-05-18,3246586.6
2022-05-19,3315015.7
2022-05-20,3249061.8
2022-05-21,3270672.4
2022-05-22,3032228.2
2022-05-23,3126899.8
2022-05-24,3305154.5
2022-05-25,3443583.4
2022-05-26,3270879.5
2022-05-27,3288813.6
2022-05-28,3332179.8
2022-05-29,2949414.8
2022-05-30,3425851.3
2022-05-31,3276579.0
2022-06-01,3413499.8
2022-06-02,3180008.4
2022-06-03,3425977.0
2022-06-04,3321484.2
2022-06-05,3099154.5
2022-06-06,3263028.3
2022-06-07,3213206.1
2022-06-08,3350846.7
2022-06-09,3244931.2
2022-06-10,3037738.6
2022-06-11,3117025.2
2022-06-12,3011742.0
2022-06-13,3248661.5
2022-06-14,3210008.3
2022-06-15,3329630.2
2022-06-16,3020997.9
2022-06-17,3219243.2
2022-06-18,3027375.7
2022-06-19,3075161.6
2022-06-20,3185995.8
2022-06-21,3231690.1
2022-06-22,3105323.5
2022-06-23,3306567.0
2022-06-24,3280104.7
2022-06-25,3232651.6
2022-06-26,2971343.7
2022-06-27,3224742.7
2022-06-28,3098710.7
2022-06-29,3243223.6
2022-06-30,3314538.3
2022-07-01,3255733.8
2022-07-02,3081601.1
2022-07-03,2989950.1
2022-07-04,3020856.5
2022-07-05,3192755.8
2022-07-06,3177293.8
2022-07-07,2955328.1
2022-07-08,3017996.7
2022-07-09,3096466.3
2022-07-10,2905388.4
2022-07-11,3001949.3
2022-07-12,3147249.2
2022-07-13,3130348.0
2022-07-14,3084778.6
2022-07-15,3028546.5
2022-07-16,3192112.0
2022-07-17,3049521.6
2022-07-18,3041835.1
2022-07-19,3025928.9
2022-07-20,3123831.1
2022-07-21,3041370.6
2022-07-22,3057479.7
2022-07-23,3134288.0
2022-07-24,2713571.8
2022-07-25,3179066.5
2022-07-26,3060724.1
2022-07-27,3012364.8
2022-07-28,3037822.8
2022-07-29,3038518.6
2022-07-30,2880150.6
2022-07-31,2979788.9
2022-08-01,3033686.2
2022-08-02,3066167.1
2022-08-03,3108257.5
2022-08-04,2925588.4
2022-08-05,3056933.0
2022-08-06,2986044.2
2022-08-07,2897736.9
2022-08-08,2810857.8
2022-08-09,2989711.6
2022-08-10,2940650.8
2022-08-11,3029808.6
2022-08-12,3029383.2
2022-08-13,2920187.8
2022-08-14,2741185.4
2022-08-15,2966263.6
2022-08-16,2892542.9
2022-08-17,3043883.0
2022-08-18,2932468.9
2022-08-19,2703476.3
2022-08-20,2925000.6
2022-08-21,2690971.6
2022-08-22,2806930.7
2022-08-23,2838536.8
2022-08-24,2954287.6
2022-08-25,3058551.1
2022-08-26,2965649.6
2022-08-27,2881421.5
2022-08-28,2793433.3
2022-08-29,2888173.3
2022-08-30,2864458.8
2022-08-31,2821173.6
2022-09-01,2765957.9
2022-09-02,2882327.0
2022-09-03,2927364.7
2022-09-04,2728134.5
2022-09-05,2871630.3
2022-09-06,2822754.4
2022-09-07,2955461.1
2022-09-08,2785284.2
2022-09-09,2964747.8
2022-09-10,2807743.4
2022-09-11,2657409.1
2022-09-12,2762750.7
2022-09-13,2844138.8
2022-09-14,2969711.5
2022-09-15,2927663.4
2022-09-16,2965464.6
2022-09-17,2923895.0
2022-09-18,2614620.5
2022-09-19,2846255.8
2022-09-20,2805628.6
2022-09-21,2985625.0
2022-09-22,2766221.1
2022-09-23,2944398.9
2022-09-24,2942637.2
2022-09-25,2840204.3
2022-09-26,2827572.7
2022-09-27,2922450.2
2022-09-28,3055680.7
2022-09-29,2805636.3
2022-09-30,2725771.9
2022-10-01,2695089.1
2022-10-02,3166155.7
2022-10-03,2692794.4
2022-10-04,2821195.9
2022-10-05,2889584.8
2022-10-06,2867179.9
2022-10-07,2886968.1
2022-10-08,2868907.1
2022-10-09,2781090.2
2022-10-10,2767364.4
2022-10-11,2790436.8
2022-10-12,2781877.5
2022-10-13,2918490.6
2022-10-14,2924233.0
2022-10-15,2885687.1
2022-10-16,2771239.8
2022-10-17,2746397.8
2022-10-18,2989459.7
2022-10-19,2977284.7
2022-10-20,2910205.4
2022-10-21,2999849.5
2022-10-22,2706429.6
2022-10-23,2635352.3
2022-10-24,2786022.0
2022-10-25,2911096.9
2022-10-26,2760264.8
2022-10-27,2915540.0
2022-10-28,2968777.1
2022-10-29,2911871.6
2022-10-30,2704936.6
2022-10-31,2769706.2
2022-11-01,2782820.1
2022-11-02,2963585.3
2022-11-03,2924522.2
2022-11-04,2855640.6
2022-11-05,2824476.8
2022-11-06,2526567.1
2022-11-07,2771266.0
2022-11-08,3029085.8
2022-11-09,2756329.7
2022-11-10,2884442.6
2022-11-11,2956644.3
2022-11-12,2763627.0
2022-11-13,2716193.8
2022-11-14,2956526.2
2022-11-15,2878728.9
2022-11-16,3127560.5
2022-11-17,2737656.1
2022-11-18,2975757.2
2022-11-19,2871483.9
2022-11-20,2778362.6
2022-11-21,2929507.2
2022-11-22,2830068.1
2022-11-23,2916157.7
2022-11-24,2737293.5
2022-11-25,2954045.4
2022-11-26,2930239.6
2022-11-27,2784980.7
2022-11-28,3002260.4
2022-11-29,2944914.3
2022-11-30,2928700.5
2022-12-01,2841609.9
2022-12-02,2859395.7
2022-12-03,3029079.6
2022-12-04,2871034.0
2022-12-05,2910404.4
2022-12-06,2938670.2
2022-12-07,2858215.4
2022-12-08,3044806.1
2022-12-09,3003531.0
2022-12-10,3119911.9
2022-12-11,2701520.9
2022-12-12,2921785.2
2022-12-13,2979451.3
2022-12-14,3020015.4
2022-12-15,2947059.1
2022-12-16,2892205.0
2022-12-17,3052393.2
2022-12-18,2859472.0
2022-12-19,2899472.5
2022-12-20,3106708.6
2022-12-21,3094181.2
2022-12-22,3005260.4
2022-12-23,3004351.9
2022-12-24,3051106.5
2022-12-25,2751933.7
2022-12-26,3012078.0
2022-12-27,2818898.6
2022-12-28,3096973.4
2022-12-29,2880245.1
2022-12-30,3162478.6
2022-12-31,3000210.0
2023-01-01,2834284.5
2023-01-02,2981506.8
2023-01-03,3016724.9
2023-01-04,3177009.5
2023-01-05,2823895.5
2023-01-06,3173068.4
2023-01-07,3091389.3
2023-01-08,2776527.6
2023-01-09,2970107.7
2023-01-10,3228087.0
2023-01-11,2990618.4
2023-01-12,2975693.2
2023-01-13,3192090.7
2023-01-14,3122603.0
2023-01-15,2828030.6
2023-01-16,3120240.0
2023-01-17,3009007.3
2023-01-18,3211666.4
2023-01-19,3212580.3
2023-01-20,3167658.1
2023-01-21,3156222.3
2023-01-22,3094478.0
2023-01-23,3131204.5
2023-01-24,3024491.5
2023-01-25,3182442.1
2023-01-26,3341310.7
2023-01-27,3053072.1
2023-01-28,3119141.8
2023-01-29,3005346.2
2023-01-30,3156989.3
2023-01-31,3073152.5
2023-02-01,3277528.2
2023-02-02,3396136.0
2023-02-03,3198161.9
2023-02-04,3097397.1
2023-02-05,2857482.9
2023-02-06,3216975.1
2023-02-07,3302352.9
2023-02-08,3246326.0
2023-02-09,3204646.6
2023-02-10,3152299.4
2023-02-11,3107874.0
2023-02-12,3099946.4
2023-02-13,3309618.2
2023-02-14,3075779.9
2023-02-15,3383370.4
2023-02-16,3288998.2
2023-02-17,3373171.4
2023-02-18,3110642.6
2023-02-19,2925318.1
2023-02-20,3234306.5
2023-02-21,3301669.7
2023-02-22,3431839.3
2023-02-23,3329109.2
2023-02-24,3239951.8
2023-02-25,3166724.7
2023-02-26,3188101.6
2023-02-27,3179662.0
2023-02-28,3438047.0
2023-03-01,3253346.0
2023-03-02,3441464.2
2023-03-03,3355031.8
2023-03-04,3277819.0
2023-03-05,3048649.6
2023-03-06,3264035.0
2023-03-07,3343305.9
2023-03-08,3311614.0
2023-03-09,3248075.1
2023-03-10,3293504.9
2023-03-11,3320670.0
2023-03-12,2917726.1
2023-03-13,3364118.5
2023-03-14,3223623.5
2023-03-15,3208908.0
2023-03-16,3158140.2
2023-03-17,3149923.5
2023-03-18,3196102.9
2023-03-19,3067304.1
2023-03-20,3531876.5
2023-03-21,3286003.0
2023-03-22,3358729.1
2023-03-23,3383252.4
2023-03-24,3358348.0
2023-03-25,3339459.8
2023-03-26,3035365.7
2023-03-27,3496985.6
2023-03-28,3534742.0
2023-03-29,3185383.7
2023-03-30,3253319.7
2023-03-31,3329876.7
2023-04-01,3262414.2
2023-04-02,3207412.2
2023-04-03,3289079.6
2023-04-04,3582387.7
2023-04-05,3485369.8
2023-04-06,3387854.8
2023-04-07,3471275.7
2023-04-08,3480348.2
2023-04-09,3113818.5
2023-04-10,3287968.6
2023-04-11,3379250.5
2023-04-12,3459286.7
2023-04-13,3386891.3
2023-04-14,3213849.6
2023-04-15,3292738.0
2023-04-16,3164970.9
2023-04-17,3367223.1
2023-04-18,3574947.8
2023-04-19,3235121.3
2023-04-20,3426856.1
2023-04-21,3526571.0
2023-04-22,3605837.7
2023-04-23,3134717.0
2023-04-24,3425413.4
2023-04-25,3433155.6
2023-04-26,3394992.3
2023-04-27,3364856.3
2023-04-28,3418591.2
2023-04-29,3117662.3
2023-04-30,3235899.9
2023-05-01,3385558.8
2023-05-02,3349585.0
2023-05-03,3578336.8
2023-05-04,3302227.4
2023-05-05,3328809.9
2023-05-06,3569826.9
2023-05-07,3086440.3
2023-05-08,3310818.3
2023-05-09,3350330.4
2023-05-10,3448745.9
2023-05-11,3383522.2
2023-05-12,3230807.5
2023-05-13,3306031.5
2023-05-14,3099117.5
2023-05-15,3348728.7
2023-05-16,3397679.9
2023-05-17,3395139.0
2023-05-18,3172698.2
2023-05-19,3456278.1
2023-05-20,3372788.5
2023-05-21,3275306.0
2023-05-22,3387890.8
2023-05-23,3451591.2
2023-05-24,3385731.7
2023-05-25,3471495.0
2023-05-26,3386653.0
2023-05-27,3322239.1
2023-05-28,3343176.5
2023-05-29,3415817.3
2023-05-30,3381742.4
2023-05-31,3194709.0
2023-06-01,3190941.9
2023-06-02,3345621.3
2023-06-03,3328179.5
2023-06-04,3054883.6
2023-06-05,3321974.4
2023-06-06,3462554.2
2023-06-07,3370932.9
2023-06-08,3186075.0
2023-06-09,3284880.9
2023-06-10,3213247.4
2023-06-11,3056234.8
2023-06-12,3245560.3
2023-06-13,3236013.3
2023-06-14,3156236.7
2023-06-15,3263815.8
2023-06-16,3217906.7
2023-06-17,2982164.8
2023-06-18,3259128.5
2023-06-19,3369038.5
2023-06-20,3222116.8
2023-06-21,3257138.4
2023-06-22,3137364.1
2023-06-23,3413212.5
2023-06-24,3428932.0
2023-06-25,3060417.5
2023-06-26,3336144.4
2023-06-27,3249954.3
2023-06-28,3099627.9
2023-06-29,3185414.4
2023-06-30,3234125.0
2023-07-01,3173589.2
2023-07-02,3000902.0
2023-07-03,3200769.6
2023-07-04,3197812.4
2023-07-05,3206609.4
2023-07-06,3095829.9
2023-07-07,3124839.0
2023-07-08,3066564.8
2023-07-09,3082121.3
2023-07-10,2980364.2
2023-07-11,3287187.0
2023-07-12,3305094.1
2023-07-13,3140275.7
2023-07-14,2917718.4
2023-07-15,3126481.2
2023-07-16,2961490.3
2023-07-17,3056876.8
2023-07-18,3099639.8
2023-07-19,3288482.8
2023-07-20,3202628.8
2023-07-21,3048859.1
2023-07-22,2981588.2
2023-07-23,2911038.1
2023-07-24,3103382.5
2023-07-25,3165673.7
2023-07-26,3065077.0
2023-07-27,3158712.7
2023-07-28,3287221.7
2023-07-29,3178652.9
2023-07-30,2908524.4
2023-07-31,3077555.8
2023-08-01,3057417.6
2023-08-02,3195748.1
2023-08-03,3024379.6
2023-08-04,3082541.4
2023-08-05,3079082.8
2023-08-06,2842707.1
2023-08-07,2940157.3
2023-08-08,3092146.5
2023-08-09,3052959.5
2023-08-10,3100507.7
2023-08-11,3001963.2
2023-08-12,3158556.7
2023-08-13,2785322.4
2023-08-14,3195480.3
2023-08-15,2876470.9
2023-08-16,3071455.4
2023-08-17,3071418.4
2023-08-18,2952391.9
2023-08-19,3059428.2
2023-08-20,2945221.0
2023-08-21,2813416.5
2023-08-22,3055755.1
2023-08-23,2781982.7
2023-08-24,2916463.8
2023-08-25,3146728.0
2023-08-26,2944461.4
2023-08-27,2714773.8
2023-08-28,2972477.0
2023-08-29,3172343.7
2023-08-30,2819920.7
2023-08-31,2886773.4
2023-09-01,3111501.7
2023-09-02,3140516.2
2023-09-03,2784805.7
2023-09-04,2858523.9
2023-09-05,3152526.8
2023-09-06,3104986.4
2023-09-07,3020808.8
2023-09-08,2885738.4
2023-09-09,2950855.4
2023-09-10,2762124.5
2023-09-11,2979407.4
2023-09-12,3075988.2
2023-09-13,3022989.5
2023-09-14,2847835.5
2023-09-15,3062122.5
2023-09-16,2966084.6
2023-09-17,2817048.9
2023-09-18,3063352.7
2023-09-19,2834457.6
2023-09-20,3263878.6
2023-09-21,2881713.1
2023-09-22,2788928.2
2023-09-23,2955250.8
2023-09-24,2954788.0
2023-09-25,2760248.8
2023-09-26,2917145.5
2023-09-27,2974574.2
2023-09-28,2927850.1
2023-09-29,2905841.1
2023-09-30,2800868.7
2023-10-01,2757591.1
2023-10-02,2846018.0
2023-10-03,2719822.0
2023-10-04,3014376.2
2023-10-05,2992813.2
2023-10-06,2912834.7
2023-10-07,2927538.8
2023-10-08,2820514.6
2023-10-09,2925796.7
2023-10-10,2984491.2
2023-10-11,2879284.0
2023-10-12,3019141.4
2023-10-13,2932433.2
2023-10-14,2921135.5
2023-10-15,2625795.9
2023-10-16,2928944.4
2023-10-17,2831437.9
2023-10-18,2848354.5
2023-10-19,2833043.4
2023-10-20,2811376.6
2023-10-21,3089690.4
2023-10-22,2839657.1
2023-10-23,3072687.2
2023-10-24,2799198.6
2023-10-25,2912584.7
2023-10-26,2794207.8
2023-10-27,2847045.8
2023-10-28,2828412.6
2023-10-29,2836528.3
2023-10-30,2875735.1
2023-10-31,3004655.8
2023-11-01,2965213.7
2023-11-02,3114945.4
2023-11-03,2785452.8
2023-11-04,3026290.1
2023-11-05,2836776.5
2023-11-06,2833716.7
2023-11-07,3008714.2
2023-11-08,2951533.9
2023-11-09,2903776.9
2023-11-10,2853150.3
2023-11-11,2864113.9
2023-11-12,2922706.2
2023-11-13,2931137.3
2023-11-14,3001907.9
2023-11-15,2865520.5
2023-11-16,2868587.0
2023-11-17,3034933.1
2023-11-18,2822689.0
2023-11-19,2733015.2
2023-11-20,2949551.1
2023-11-21,2958867.4
2023-11-22,2935690.6
2023-11-23,2989225.2
2023-11-24,3018264.3
2023-11-25,3024751.0
2023-11-26,2702217.3
2023-11-27,2939870.9
2023-11-28,3074431.1
2023-11-29,3050745.9
2023-11-30,2851534.0
2023-12-01,3008485.2
2023-12-02,2803354.9
2023-12-03,2808348.5
2023-12-04,3156679.1
2023-12-05,2904906.3
2023-12-06,2918351.4
2023-12-07,3065351.3
2023-12-08,2861251.1
2023-12-09,2946584.4
2023-12-10,2877292.1
2023-12-11,2953439.8
2023-12-12,2993025.1
2023-12-13,3085423.3
2023-12-14,3059982.1
2023-12-15,3049752.9
2023-12-16,2998524.6
2023-12-17,2882856.4
2023-12-18,3025811.2
2023-12-19,3082779.8
2023-12-20,2999586.5
2023-12-21,3032285.1
2023-12-22,2962352.8
2023-12-23,3053886.6
2023-12-24,2807521.3
2023-12-25,2962894.7
2023-12-26,3093331.4
2023-12-27,3093328.9
2023-12-28,3150228.9
2023-12-29,3042330.6
2023-12-30,3124259.7
2023-12-31,2953343.2
2024-01-01,3136411.3
2024-01-02,3022692.4
2024-01-03,3117746.5
2024-01-04,3142187.0
2024-01-05,3113314.6
2024-01-06,2921962.8
2024-01-07,2948356.1
2024-01-08,3333470.6
2024-01-09,3096642.7
2024-01-10,3066467.8
2024-01-11,3174603.4
2024-01-12,3173411.1
2024-01-13,3261123.1
2024-01-14,2851966.5
2024-01-15,3226798.3
2024-01-16,3218060.6
2024-01-17,3153086.4
2024-01-18,3203350.5
2024-01-19,3273747.1
2024-01-20,3263435.1
2024-01-21,2891009.7
2024-01-22,3267755.9
2024-01-23,3187617.2
2024-01-24,3205332.9
2024-01-25,3209892.1
2024-01-26,3192912.5
2024-01-27,3326697.9
2024-01-28,3015784.4
2024-01-29,3112660.7
2024-01-30,3187223.7
2024-01-31,3247065.1
2024-02-01,3353449.9
2024-02-02,3297196.7
2024-02-03,3160250.7
2024-02-04,3280118.9
2024-02-05,3277564.6
2024-02-06,3380653.4
2024-02-07,3245543.0
2024-02-08,3316906.9
2024-02-09,3351255.9
2024-02-10,3392785.9
2024-02-11,3178453.0
2024-02-12,3367412.5
2024-02-13,3254635.3
2024-02-14,3233379.5
2024-02-15,3326755.7
2024-02-16,3390257.1
2024-02-17,3279884.3
2024-02-18,3206869.0
2024-02-19,3454097.5
2024-02-20,3222663.4
2024-02-21,3234318.6
2024-02-22,3307446.5
2024-02-23,3355895.9
2024-02-24,3276554.6
2024-02-25,3259753.1
2024-02-26,3378718.1
2024-02-27,3343823.5
2024-02-28,3199395.3
2024-02-29,3214804.3
2024-03-01,3378619.1
2024-03-02,3139209.1
2024-03-03,3251567.1
2024-03-04,3344482.1
2024-03-05,3690932.6
2024-03-06,3599976.4
2024-03-07,3351655.5
2024-03-08,3362320.4
2024-03-09,3476940.8
2024-03-10,3338622.7
2024-03-11,3215786.9
2024-03-12,3203432.4
2024-03-13,3324402.6
2024-03-14,3449618.2
2024-03-15,3443591.8
2024-03-16,3504595.8
2024-03-17,3079307.2
2024-03-18,3164348.8
2024-03-19,3490649.8
2024-03-20,3320792.4
2024-03-21,3201334.6
2024-03-22,3424742.2
2024-03-23,3493243.2
2024-03-24,3197535.3
2024-03-25,3369226.8
2024-03-26,3401753.3
2024-03-27,3381949.7
2024-03-28,3283396.3
2024-03-29,3350112.8
2024-03-30,3478744.6
2024-03-31,3252253.9
2024-04-01,3445583.0
2024-04-02,3327356.2
2024-04-03,3412445.6
2024-04-04,3208255.6
2024-04-05,3452052.7
2024-04-06,3582064.0
2024-04-07,3086926.1
2024-04-08,3376512.2
2024-04-09,3471806.6
2024-04-10,3567972.9
2024-04-11,3393266.0
2024-04-12,3368785.3
2024-04-13,3237625.1
2024-04-14,3244985.7
2024-04-15,3652781.8
2024-04-16,3470977.8
2024-04-17,3440371.8
2024-04-18,3476202.2
2024-04-19,3441975.9
2024-04-20,3359250.8
2024-04-21,3316612.8
2024-04-22,3466548.8
2024-04-23,3444932.2
2024-04-24,3342178.8
2024-04-25,3577281.8
2024-04-26,3510958.1
2024-04-27,3384805.4
2024-04-28,3332147.4
2024-04-29,3389479.4
2024-04-30,3359493.4
2024-05-01,3361096.7
2024-05-02,3255992.7
2024-05-03,3486468.2
2024-05-04,3248096.1
2024-05-05,3110711.3
2024-05-06,3220932.4
2024-05-07,3424790.1
2024-05-08,3416951.4
2024-05-09,3397504.8
2024-05-10,3322490.6
2024-05-11,3307761.3
2024-05-12,3266081.8
2024-05-13,3368663.5
2024-05-14,3456080.6
2024-05-15,3330994.9
2024-05-16,3438663.3
2024-05-17,3551880.3
2024-05-18,3476389.0
2024-05-19,3169758.6
2024-05-20,3438604.2
2024-05-21,3385537.0
2024-05-22,3408782.5
2024-05-23,3372463.4
2024-05-24,3386644.5
2024-05-25,3422693.4
2024-05-26,3099499.4
2024-05-27,3292627.0
2024-05-28,3252212.2
2024-05-29,3228170.2
2024-05-30,3264558.5
2024-05-31,3401762.3
2024-06-01,3292178.6
2024-06-02,3226099.9
2024-06-03,3380563.3
2024-06-04,3174839.5
2024-06-05,3437334.6
2024-06-06,3449964.7
2024-06-07,3264606.5
2024-06-08,3404156.9
2024-06-09,3075939.2
2024-06-10,3365152.2
2024-06-11,3224861.4
2024-06-12,3168537.4
2024-06-13,3306862.3
2024-06-14,3329440.5
2024-06-15,3298537.8
2024-06-16,3023404.5
2024-06-17,3291317.1
2024-06-18,3354564.2
2024-06-19,3319563.0
2024-06-20,3338540.6
2024-06-21,3249970.8
2024-06-22,3429350.4
2024-06-23,3000809.2
2024-06-24,3353641.9
2024-06-25,3418505.7
2024-06-26,3345142.6
2024-06-27,3273647.7
2024-06-28,3237583.7
2024-06-29,3387888.3
2024-06-30,2953172.1
2024-07-01,3182359.7
2024-07-02,3234672.4
2024-07-03,3391058.9
2024-07-04,3302782.4
2024-07-05,3166760.1
2024-07-06,3227036.4
2024-07-07,3001672.9
2024-07-08,3179889.6
2024-07-09,3340201.5
2024-07-10,3107367.5
2024-07-11,3392747.5
2024-07-12,3312654.0
2024-07-13,3333773.8
2024-07-14,2988390.0
2024-07-15,3205205.2
2024-07-16,3077211.0
2024-07-17,3160679.9
2024-07-18,3254481.8
2024-07-19,3327278.2
2024-07-20,3092273.4
2024-07-21,2969693.2
2024-07-22,3175559.6
2024-07-23,3052406.8
2024-07-24,3238025.2
2024-07-25,3108351.6
2024-07-26,3154551.2
2024-07-27,3125982.4
2024-07-28,2904425.4
2024-07-29,3159907.3
2024-07-30,3135990.7
2024-07-31,3117087.7
2024-08-01,3079316.7
2024-08-02,3174130.9
2024-08-03,3295655.1
2024-08-04,2960027.3
2024-08-05,3225329.2
2024-08-06,2997253.7
2024-08-07,3138464.5
2024-08-08,3016982.6
2024-08-09,2977666.3
2024-08-10,3042751.6
2024-08-11,3025848.3
2024-08-12,3192439.4
2024-08-13,3122720.1
2024-08-14,2953925.7
2024-08-15,3074296.2
2024-08-16,3116706.0
2024-08-17,3101274.4
2024-08-18,2736248.3
2024-08-19,2995491.9
2024-08-20,3068177.3
2024-08-21,3119918.1
2024-08-22,2864923.9
2024-08-23,3048602.3
2024-08-24,3073190.8
2024-08-25,2946494.3
2024-08-26,3116770.0
2024-08-27,3103301.9
2024-08-28,2973619.6
2024-08-29,2869311.7
2024-08-30,3004509.1
2024-08-31,3128512.7
2024-09-01,2971363.2
2024-09-02,3095789.0
2024-09-03,3067222.7
2024-09-04,3059772.0
2024-09-05,2972043.1
2024-09-06,3007895.0
2024-09-07,3168007.0
2024-09-08,2753289.8
2024-09-09,3157541.1
2024-09-10,2980017.2
2024-09-11,3126139.4
2024-09-12,2877361.9
2024-09-13,3054536.6
2024-09-14,2933162.8
2024-09-15,2697756.8
2024-09-16,3014658.4
2024-09-17,3083538.5
2024-09-18,2915031.8
2024-09-19,2854443.7
2024-09-20,2978700.1
2024-09-21,2977243.5
2024-09-22,2850417.2
2024-09-23,3066503.1
2024-09-24,2974602.2
2024-09-25,3144121.5
2024-09-26,2996846.3
2024-09-27,2944458.0
2024-09-28,2830226.5
2024-09-29,2772331.6
2024-09-30,2941500.4
2024-10-01,3055907.0
2024-10-02,3010450.8
2024-10-03,2863227.0
2024-10-04,2982647.2
2024-10-05,3026215.6
2024-10-06,2915520.3
2024-10-07,3043900.0
2024-10-08,3031983.6
2024-10-09,2969103.4
2024-10-10,2997795.7
2024-10-11,3073928.9
2024-10-12,2844079.4
2024-10-13,2755345.6
2024-10-14,2893437.8
2024-10-15,2995675.4
2024-10-16,3071269.7
2024-10-17,2908952.8
2024-10-18,2749711.2
2024-10-19,2925687.3
2024-10-20,2861156.9
2024-10-21,3010736.8
2024-10-22,3001441.7
2024-10-23,2938983.3
2024-10-24,2850710.2
2024-10-25,3010952.5
2024-10-26,2891616.6
2024-10-27,2971376.2
2024-10-28,3018327.9
2024-10-29,2916786.7
2024-10-30,2915064.0
2024-10-31,2962355.1
2024-11-01,2950468.5
2024-11-02,3072691.5
2024-11-03,2811581.5
2024-11-04,2910498.7
2024-11-05,3146144.8
2024-11-06,2983250.5
2024-11-07,3049212.8
2024-11-08,2927748.6
2024-11-09,3016436.2
2024-11-10,2832818.4
2024-11-11,2818308.8
2024-11-12,3170407.8
2024-11-13,3107544.4
2024-11-14,2958151.7
2024-11-15,2896940.1
2024-11-16,3029529.8
2024-11-17,2827890.2
2024-11-18,3035020.4
2024-11-19,3022706.6
2024-11-20,3053636.2
2024-11-21,3141253.9
2024-11-22,3064542.0
2024-11-23,2920930.6
2024-11-24,2953545.2
2024-11-25,3170226.1
2024-11-26,3310403.0
2024-11-27,2925330.7
2024-11-28,3052465.7
2024-11-29,2843981.8
2024-11-30,3086984.9
2024-12-01,2810404.7
2024-12-02,3218624.0
2024-12-03,2975540.1
2024-12-04,2895143.1
2024-12-05,3009931.7
2024-12-06,2875411.2
2024-12-07,3129021.4
2024-12-08,2701401.7
2024-12-09,3069861.4
2024-12-10,2879479.9
2024-12-11,3045066.0
2024-12-12,3230130.3
2024-12-13,3115508.5
2024-12-14,3006061.4
2024-12-15,2901776.9
2024-12-16,3095488.6
2024-12-17,3141707.7
2024-12-18,2974600.9
2024-12-19,3161051.0
2024-12-20,2857608.7
2024-12-21,3055197.4
2024-12-22,2888169.6
2024-12-23,3181710.4
2024-12-24,3128730.0
2024-12-25,2998841.6
2024-12-26,3042500.7
2024-12-27,3158168.4
2024-12-28,3136339.1
2024-12-29,2907859.8
2024-12-30,3107079.9
2024-12-31,3222905.5
