,ens_1,ens_2,ens_3,ens_4,ens_5,ens_6,ens_7,ens_8,ens_9,ens_10
2025-01-01,2804561.7685720483,2902173.2420720533,2929262.4630720466,2987260.3605720513,3126497.63807205,3002630.6475720475,3130521.8155720495,2804561.7685720483,2775720.2175720544,3326598.325572053
2025-01-02,3044280.5065746587,3142235.0940746586,3044280.5065746587,3224948.8670746544,3196306.791074656,3044280.5065746587,3028068.4520746567,2996051.0975746587,3117264.6680746637,3018820.6230746587
2025-01-03,2894062.0394770624,2773694.3454770627,2794962.110977059,2710081.2194770607,2833437.9614770636,3072676.1769770584,2925898.74747706,3102059.5189770595,2834415.581977055,2888698.071977059
2025-01-04,2771958.9989389037,3176036.239938897,3176093.5739389043,3073657.38443891,2772323.360938906,3227967.7364389026,2759216.877938904,3044596.4029389033,3063514.1039389013,3076322.453938904
2025-01-05,2696245.0534229483,2893022.876922951,2950762.201922949,3070247.686922953,2822225.7329229526,3047571.8724229475,2927476.3374229544,2772332.567422949,3147428.5024229516,3057273.007922953
2025-01-06,3117585.2864387673,3202551.7349387715,3143880.309438768,3306201.7454387634,3093233.9239387605,3414819.8174387664,3135877.450438765,2803605.0769387693,3133227.268938765,3086065.4179387665
2025-01-07,3081655.267468291,3254111.293968291,2999176.756968288,3120773.2134682834,3065943.291468292,3084622.1999682914,2923464.3344682953,2981120.913468289,2790793.745968292,3097842.469468288
2025-01-08,3176654.655694798,3128545.983194793,3292987.3791947975,3011560.6746947938,3262402.5666947947,3394216.663694789,3011560.6746947938,3139368.0096947956,3241691.5171947917,3185492.5511947973
2025-01-09,2949116.2984260246,2962959.2349260356,2919952.732426033,3043871.564926027,2978311.455426032,2805755.209426037,3146308.023926032,2884296.159426032,2975624.889426032,3235864.8524260353
2025-01-10,3153430.6054664347,3203730.4394664327,3121444.8694664347,3242665.701466435,3253821.0519664357,3070643.936466428,3174551.525966424,3210533.4999664254,3082591.1159664337,3073996.6949664294
2025-01-11,3038893.892116579,2956152.7936165784,2958330.0666165813,2767687.114616585,3068563.0126165813,2903879.6976165785,2897120.844116583,2607671.2491165777,3035292.8121165773,2857538.1621165755
2025-01-12,3253689.7746419096,3214022.7351419227,3273478.225641914,3252493.151641912,3061296.2001419137,3312945.4921419146,3036213.1711419174,2874073.083141922,3152779.365641919,3258531.3751419173
2025-01-13,2995358.6102343844,2905225.0557343853,3216530.1697343825,3110628.973734384,3274136.1742343823,3002116.9742343817,3007393.282234385,2950006.6867343844,3002116.9742343817,2972724.065234386
2025-01-14,3103784.383733012,3169843.1617330094,2918193.8697330086,3057301.3737330097,3069268.501233014,2938697.1372330138,2871156.4712330145,3114390.1492330153,2927711.774233015,2906985.0887330114
2025-01-15,3099182.564071918,3173410.348071918,3119383.326571918,3087426.2105719196,3131813.121571917,3037028.7485719197,3199154.398071915,3403101.155071918,3255372.2550719185,3420002.084571917
2025-01-16,2981690.078534251,2982202.296034248,3099377.054034251,3141096.1985342465,3143666.2550342483,3159641.1900342475,2944263.194534253,3099221.837034253,2979806.04103425,3152093.589534252
2025-01-17,3029777.9950980814,3041610.061098085,3112071.700098085,3086081.2020980837,2955031.5880980804,3159038.5565980845,2752446.515098082,3090123.5245980793,2840992.442098083,3166438.4615980797
2025-01-18,3215578.4313010974,3306891.1933010924,2949692.810301092,3091885.106801093,3218132.4983010963,3125038.3883010945,3160800.1388010983,3184993.6188010946,2973365.8708010926,2948187.1743010925
2025-01-19,3230758.6141359573,3061426.552635953,3176949.6776359556,3042747.335635957,2905544.37013596,3291061.3736359547,3075938.65813595,3137664.5041359556,2859051.747135955,2813114.916135956
2025-01-20,3330689.429797259,3038504.3487972636,2848657.4577972596,3022926.076797254,3167616.248297256,3239049.966297255,2996338.563797258,3068548.4632972577,3170125.87429726,3111717.355797258
2025-01-21,3134529.9983354756,2868697.4318354796,3084717.873835478,3264193.4553354797,3058546.47033548,3224597.5698354775,3004078.357835475,3186397.4288354735,3155339.798835478,3170931.6693354766
2025-01-22,3089751.21150671,2930565.445006714,2963256.7110067173,2955193.4745067153,3064278.409006713,3230006.7165067084,3039034.67900671,3137700.39150671,3293969.216006713,2742105.741006713
2025-01-23,3118574.7793045132,3092785.5178045146,2975186.9543045177,3070950.4408045174,3196723.16380452,3058142.0908045145,3199151.8418045174,3088759.653804517,3154307.687304518,2857702.6673045163
2025-01-24,3162104.4402819197,3164242.021781917,2934047.6812819196,3061178.1067819176,3086922.1567819146,3271173.634781917,3079925.132281919,3057225.648281916,2934490.151781914,3114811.8072819156
2025-01-25,3016653.7601578776,3082673.3751578764,3229218.7151578763,3217871.295157877,3161164.1011578753,3225114.1771578724,3112822.044157875,3006824.8721578787,2929555.3126578727,2822239.267157875
2025-01-26,3053526.2297052066,3081898.0737052048,3067496.1932052043,3274346.8557052044,3133764.058205206,2903784.275205204,3253062.6772052054,2726856.374705209,2663132.1152052074,3053692.2772052046
2025-01-27,3135250.664976916,3196729.292476915,3359061.045976915,3405592.134976913,3016610.3799769166,2952552.072976913,3218548.057476914,3244603.579976917,3216360.2714769123,3029449.681976917
2025-01-28,3159023.592374247,3093790.670874245,3290592.7833742434,2985321.436874249,3077824.305374251,3151973.56787425,3219960.73437425,3206977.1973742465,3045875.248374249,3172734.828374246
2025-01-29,3112714.755631167,3059955.452131163,3143831.392131161,3129351.5706311623,3035455.3056311714,2972379.983131166,2988304.5771311624,3286440.0161311617,2920498.541131166,2953164.8591311635
2025-01-30,2994068.2989363037,3156614.1409362964,3114435.9929363034,3194402.3209363,3366136.4064362985,3072309.0794362985,3072339.748436298,3212978.179936298,3323683.5374362976,3087279.0214362973
2025-01-31,3007704.2638813024,3274641.1518813036,3283783.0078813015,3333201.924381303,3127140.7953813015,2827903.8183813025,3515674.822381301,3180617.0973813003,3182272.696881305,3185151.8043812998
2025-02-01,3108417.5187246585,3161978.6467246567,3244856.683724661,3279216.69222466,2815793.1922246595,3001623.00572466,3057328.9397246595,3013501.638224658,3113111.5947246584,3216478.9862246583
2025-02-02,3094902.9805966457,3168057.4435966415,3058977.198596647,3126464.906596644,3222370.818096641,3097451.225096638,3012836.0715966467,3083857.652096645,2825902.542596645,2937005.146596644
2025-02-03,3141635.933553567,3049776.539553562,2848587.4330535624,3160348.824053567,3152043.685053559,3239555.44505356,3044596.7220535637,3249782.0250535663,3215705.1040535653,2992419.603553565
2025-02-04,3149105.6517520556,3088755.8707520533,2946211.3682520567,3078935.9042520537,3148159.3997520544,2898487.216752052,3078955.7777520474,3079777.3982520555,3095890.689252051,2695338.3232520525
2025-02-05,3063076.474901374,3264677.044901371,3020633.144401373,3242968.092401374,3252885.443401368,3194771.0944013763,3258953.838401368,3021688.783901371,3150076.7569013727,3264027.7014013752
2025-02-06,3277463.3285593833,3158679.2585593835,3208518.267059387,3071072.9140593833,3504762.1800593827,3158679.2585593835,3274883.860059386,3149364.135559384,2908216.4235593835,3215056.158059385
2025-02-07,2985765.9155721874,2777539.0815721913,3094644.6575721917,3133663.2135721887,2977022.823572192,3342144.677572191,3113192.0635721926,3062807.949572194,3079444.748572194,3054802.921572189
2025-02-08,3019412.330165747,2945242.197665755,3211805.904665743,3135886.662165751,3161249.040665755,3267902.3746657535,2806532.040665752,3027748.556165756,3067134.7726657507,3129573.732165751
2025-02-09,2997756.435097262,3167504.508597256,2898569.669597253,3260444.5015972597,2962396.5335972593,3186720.9295972562,3137186.766597257,3328468.9400972575,3061946.5820972533,3225166.881097259
2025-02-10,3257815.6304088356,3080933.5754088317,3376172.097908829,3167447.985408837,3033145.8414088353,3533991.5559088355,3046956.036408836,3052369.2669088333,2839229.651908839,3151249.488908833
2025-02-11,3036504.1515783565,3053417.40807835,3147656.078078352,3109574.28557835,3242023.241078356,3079445.192578352,3169700.0420783516,3270189.6805783515,2989725.060078356,3147040.7205783534
2025-02-12,3060469.8974858182,3056379.012485823,3069811.4109858195,3063052.557485824,3349645.317485818,3044826.0959858187,3136424.843985818,3147586.135485817,3070787.932485817,2977656.058985821
2025-02-13,3167181.0531030204,3108630.672103013,3139180.4966030084,3321491.405103013,3050751.364103011,3181956.8786030174,3102183.415603013,3329409.9681030125,3025516.7206030134,2907441.565603013
2025-02-14,3126191.2181171277,3316795.2591171223,3231855.455617121,3038508.0451171226,3402006.1786171207,3190831.434617127,3195954.421617123,3075499.910617126,3149950.0676171263,3117968.4726171196
2025-02-15,3076082.2573132906,3033922.8188132895,3179538.0123132877,3296866.4178132927,3002039.4448132883,3082232.9383132868,3085804.26081329,3174061.802313285,3056825.3098132918,3154391.8508132817
2025-02-16,3137632.86378267,3186251.3617826756,3093987.2727826685,3197695.11078267,3017481.4857826754,2941728.818282671,3129950.3777826703,2894446.0992826694,3132033.879782666,3310388.426282678
2025-02-17,2773820.9212408266,2945966.896740829,3276800.0027408265,3003451.955740829,2973751.473240824,3112028.0532408245,3038558.313740825,3153433.0287408293,3095506.2292408324,3184928.8162408257
2025-02-18,2994057.6077420576,3076375.3292420562,2978419.762742056,2923739.751742056,2775014.030742062,3165226.9192420584,3187233.766742059,3145718.602742057,2957009.5722420597,3239179.2502420554
2025-02-19,3255003.0456082122,3392145.461608216,3203252.83210822,3211507.1061082184,3003163.7066082195,3017872.411108221,3010959.857608218,3186093.7046082183,3236235.5416082134,3021394.9821082186
2025-02-20,2886506.2603795244,3240441.9198795315,3214280.9883795246,3039837.3078795318,3086047.4338795235,3300194.527879522,3257517.8288795236,3217157.141379526,3166603.0558795244,2998629.9673795253
2025-02-21,3161495.8396794614,2821730.367179457,3088982.405679457,2859797.454179455,3107742.338179455,3291015.3686794494,3062542.0256794575,3187202.0191794555,2919135.498179458,3214514.4541794583
2025-02-22,3444590.5889985687,3207432.0089985644,3141449.44649857,3218925.6459985664,3206563.702998568,3111099.3394985674,3194935.259498569,3130361.5144985723,3329044.3734985692,3197090.568998569
2025-02-23,3341603.90302397,3380516.9220239734,3318552.403523971,3293136.1235239687,3352587.2840239736,3285007.2815239676,3168341.2580239708,3253873.3935239688,3306638.0705239675,3139431.6705239704
2025-02-24,3241193.7870698706,3326236.166569868,3189080.5915698614,3474402.591569862,3285674.416569866,3213274.600569863,3104079.3990698657,3223927.641069866,3364709.295569859,3043631.848569868
2025-02-25,3273311.5289654816,3449032.0949654807,3137720.269465478,3433028.366965481,3454511.3819654775,3443482.7289654794,3404698.237465476,3442232.6639654823,3283881.1054654825,3148450.058465483
2025-02-26,3363962.3447310287,3231032.56073103,3194564.919231029,3313574.5687310295,3671333.1467310293,3231032.56073103,3201493.379231032,3300644.375231031,3480794.3862310266,3406885.357231029
2025-02-27,3195526.472833154,3136980.1368331476,3322638.4443331477,3253393.496333152,3225887.679333155,3417255.2618331504,3368366.6363331517,3217758.897333153,3238975.6568331514,3391834.9633331457
2025-02-28,3147485.896428905,3226738.918928906,2952885.931928908,3257626.7864289056,3227621.8964289124,3405206.999928902,3193178.055428911,3435508.223428903,3347526.9369289028,3205365.204428907
2025-03-01,3269746.6010328815,3267241.510532883,3290869.5450328887,3473010.1960328845,3318141.626532874,3283763.4990328783,3280726.26453288,3256333.9390328815,3291379.305032883,3220132.015032885
2025-03-02,3021881.8242658265,3225113.601265823,3332781.200765821,3430942.2452658243,3232065.3047658275,3404176.465765823,3260253.319265822,3353876.631765825,3208290.735265823,3236136.1647658222
2025-03-03,3184512.72697288,2972451.66597288,3122815.5074728853,3110846.689972885,3261997.4979728777,3137287.0699728844,3230274.7864728826,3090462.021972883,3206945.7414728845,3338238.2964728856
2025-03-04,3310059.544979932,3184886.990979937,3176664.245479929,3285779.2854799316,3400109.6879799366,3114524.5369799347,3134733.1029799315,3235956.505479936,3318628.163979927,3041394.6474799355
2025-03-05,3338690.037301916,3394377.6398019176,3191223.551301914,3220107.677301916,3229061.545801919,3353061.7623019135,3303655.9263019203,3112495.3513019173,3272869.060301919,3127442.662301921
2025-03-06,2996092.7958349288,3192457.9083349286,3478545.9188349275,3148297.8353349264,3134262.3878349275,3391724.8238349305,3173726.697334928,3358453.3333349302,3352789.561834928,3199069.2283349284
2025-03-07,3282892.355874378,3097884.854874377,3317689.2608743845,3259138.879874377,3068770.741374377,3032167.03737438,3378152.7348743775,3441227.458374378,3385282.765374368,3589138.5288743773
2025-03-08,3110846.7255173367,3303007.494017336,3221682.6440173355,3336890.494017335,3239030.4055173323,3263989.731017334,3300486.5215173387,3344240.325017334,3394523.007017336,3298965.0100173373
2025-03-09,3241428.180198073,3360411.822698079,3421444.606698078,3327408.121198081,3248604.2436980777,3378734.1311980737,3248604.2436980777,3126852.408198074,3445982.1446980727,3545838.774698077
2025-03-10,3309717.343364384,3364575.4148643897,3293173.876864383,3377926.4258643873,3353056.269864382,3137678.747364389,3153129.8773643817,3609184.742364387,3310571.6818643846,3494935.428364386
2025-03-11,3072194.4884986384,2927411.7654986368,3153598.513998638,3240564.70249864,2949802.414998635,3267728.6924986443,3294529.4364986396,3208494.558998637,3373353.842998633,3162784.347498637
2025-03-12,3054281.4432466445,3242951.475246651,3386538.69324665,3257746.4607466483,3163218.0332466452,3105713.4947466464,3097913.8062466495,3249711.618246647,3106980.933746648,2957192.3417466446
2025-03-13,3384527.746381369,3198971.1543813692,3211636.8898813697,3528554.2773813703,3549069.1773813674,3198057.589881369,3460310.4823813713,3128695.0543813678,3260907.8003813685,3353624.0538813714
2025-03-14,2992002.564771103,3199858.6977711,3478011.892771099,3184419.2102711056,3241133.6472710995,3212561.0827710954,3352018.0537711037,3339773.8972711028,3376747.661271097,3136831.320771102
2025-03-15,3120791.913399996,3064275.868899995,3151124.669399995,2893899.8089,3162927.751400001,3376210.046899998,3290434.8803999987,3320108.560899996,3254139.563899998,3280753.222899997
2025-03-16,3389764.6317503434,3294254.9912503376,3354219.0537503376,3297317.38425034,3112480.13475034,3350851.61275034,3350851.61275034,3263121.1032503387,3078789.568750343,3234284.698250337
2025-03-17,3377338.385900818,3322670.0609008227,3312118.794400819,3282944.1044008206,3286370.054900819,3505421.7334008194,3428129.3769008205,3370245.086400818,3282944.1044008206,3287243.7679008213
2025-03-18,3183091.622846853,3034555.0998468543,3393950.638346857,3377897.703346855,3088977.63134685,3225626.7958468553,3401414.605846856,3084970.0933468523,3234769.433846851,3231534.2148468536
2025-03-19,3193131.169019045,3208504.3985190364,3249565.3015190423,3304588.10901904,2973118.800519045,3185843.698019045,3355413.4420190416,3530090.292019042,3009722.504519042,3333423.9915190395
2025-03-20,3321876.552769939,3185170.7877699365,3452236.566269935,3308762.803269934,3327100.0192699335,3353741.3692699336,3476407.033769932,3360346.969269928,3175843.0902699344,3132281.5602699304
2025-03-21,3330563.9483068516,3390948.079306855,3342814.5518068476,3353184.3983068597,3222535.124306852,3452704.02680685,3232471.753306858,3268761.847306852,3330376.4568068534,3020967.9858068544
2025-03-22,3254127.5836382187,3445075.3281382173,3517416.723638217,3289391.818638215,3444625.7151382193,3589895.0401382153,3517416.723638217,3331052.180138211,3263719.5981382136,3453388.5811382188
2025-03-23,3364544.6144346553,3493256.144434652,3697429.2864346574,3325181.321434656,3175392.7294346527,3178328.8159346553,3239372.187434659,3463694.487434652,3278068.443434659,3454100.4839346563
2025-03-24,3289235.9272721265,3266136.6757721184,3588222.2627721196,3442023.6857721256,3455805.6587721235,3408755.5332721206,3370293.1027721227,3482224.5992721203,3509374.4752721237,3422260.5367721203
2025-03-25,3374855.0249517765,3334207.5204517776,3260159.5154517777,3412192.4814517796,3427975.438451782,3399940.1204517754,3305567.0809517745,3199470.5994517747,3377354.146951774,3368873.9174517747
2025-03-26,3143097.7446205467,3040147.883620546,3398851.902620546,3327943.0981205464,3095182.3221205506,3243640.4476205483,3279095.7166205463,3166213.886620549,3269267.8081205515,3419316.4601205485
2025-03-27,3380382.020829172,3173869.803329184,3211296.6873291824,3276833.8173291776,3177852.728329183,3439032.557829181,3396863.738829185,3295153.2368291803,3271113.70232918,3148534.9753291802
2025-03-28,3607326.4450873975,3639254.441587399,3302295.318587402,3425731.9730874035,3242118.620087396,3417503.0455873976,3441913.156587398,3428268.6475873995,3441092.1680874005,3491169.103087396
2025-03-29,3104849.42467041,3104664.56417041,3364616.1871704077,3489099.654670407,3343647.4436704116,3423471.8281704104,3381110.7361704092,3433720.8176704096,3276844.8106704103,3330788.752670411
2025-03-30,3462222.7446198603,3348736.4076198586,3350161.838119858,3332032.7906198674,3362037.6806198605,3480779.7911198577,3301679.834619861,3254425.354619862,3377634.7811198607,3619311.1901198598
2025-03-31,3372721.631241098,3314518.940741098,3492318.3652410964,3332571.6007410963,3322354.872741093,3652322.4897410944,3380224.4352410943,3367091.82924109,3313957.918741093,3357255.9142410895
2025-04-01,3449763.4098443855,3440652.345844384,3659869.9533443796,3369797.081844389,3442685.484844382,3377845.7763443855,3334904.73534439,3097634.6968443887,3451987.3348443895,3507385.799344385
2025-04-02,3424346.7323084995,3568799.7413084926,3390213.55780849,3458747.9468084956,3343011.590808493,3412083.093808487,3475941.3748084917,3370277.1373084984,3377838.116308494,3456860.2343084905
2025-04-03,3471360.875923223,3496318.726423225,3344553.40592322,3246431.876423219,3407383.787423219,3585442.832923221,3462909.2304232214,3455042.5969232237,3381483.9994232184,3463726.0889232196
2025-04-04,3571498.6699257568,3485859.907425752,3632557.0859257574,3404355.3014257583,3171280.6454257565,3313179.920925759,3597859.6094257585,3410840.9299257556,3367279.3999257516,3380092.5854257536
2025-04-05,3537018.585322944,3214837.7018229426,3725746.76032294,3443493.6658229437,3403494.166822941,3519380.690822939,3481853.0768229417,3403463.4978229413,3735663.282822937,3215022.5623229425
2025-04-06,3397191.5130537036,3317891.3215536987,3413713.3370536957,3418534.8190536965,3536782.6455536988,3453961.112053698,3521702.2555536935,3674030.875553701,3404282.5400536954,3588296.0720536923
2025-04-07,3548239.267137331,3117480.143637331,3546543.6351373326,3386480.5816373318,3328322.3751373338,3407897.067637331,3485638.035637331,3421000.8101373254,3340052.139137329,3153643.2281373325
2025-04-08,3355119.3156153425,3594565.0981153455,3557273.983115342,3561866.946115342,3296517.130115345,3281195.239115343,3293085.9651153437,3604457.112115339,3387136.6701153405,3371328.793615342
2025-04-09,3607767.889664933,3729984.3726649336,3565736.639164937,3269420.63916494,3141233.045664935,3581877.7271649307,3440636.9626649334,3334646.786664934,3543594.349164935,3585265.2216649377
2025-04-10,3242707.473998626,3253623.3909986313,3553075.768498626,3381807.0709986268,3497306.466998631,3465027.5399986263,3366738.2384986323,3253623.3909986313,3340107.946998623,3261973.0054986295
2025-04-11,3365124.9004683583,3164952.728968358,3318975.4069683594,3408354.1459683604,3070881.106468361,3471672.115468358,3443985.192468358,3320176.5434683603,3142377.2189683598,3402328.8419683576
2025-04-12,3124041.678685618,3326774.49118562,3458459.8471856182,3441456.44818562,3322511.4456856176,3432477.975685622,3355092.4556856183,3251187.7941856184,3640360.594185612,3687977.1276856204
2025-04-13,3333754.3181555555,3532108.5721555543,3382956.6211555526,3448509.344155557,3446098.3796555502,3113568.5086555546,3442984.4656555583,3387864.181155552,3522751.434155558,3781207.7191555556
2025-04-14,3463185.623991514,3189796.333491508,3301348.8934915066,3459740.658991509,3561506.0999915083,3185921.812491512,3139352.836991509,3429935.6139915087,3538868.3174915113,3426860.0654915115
2025-04-15,3252777.389377746,3203027.842377748,3505607.203377746,3487416.6868777466,3399325.0838777483,3336844.4323777473,3435386.619377742,3285866.510377745,3492681.3568777395,3299369.4258777425
2025-04-16,3384210.123322471,3589311.110822471,3444950.5308224666,3496192.56232247,3458726.1273224666,3524502.9458224657,3399583.3528224626,3302182.8798224656,3560605.690822469,3343063.8353224713
2025-04-17,3375753.8564476697,3397553.7214476666,3405950.6754476666,3433679.348447664,3474364.5409476617,3554317.687447664,3660884.9384476645,3450687.6319476636,3398114.7434476716,3500788.5749476706
2025-04-18,3281832.4743857556,3311302.1933857566,3235695.2148857526,3262295.093385756,3003388.0668857545,3469427.401385755,3378525.29188575,3395272.0013857535,3355282.8098857542,3360514.7068857546
2025-04-19,3554509.814593077,3607630.2280930826,3468518.253593084,3558809.2115930803,3699080.39509308,3476079.2325930796,3244887.594593079,3470276.336593079,3565417.978593079,3294229.238593079
2025-04-20,3642092.735503421,3657422.7425034256,3159059.626503425,3616148.685003418,3448843.008003427,3363112.7230034275,3521579.355503424,3420518.93300343,3564770.200503422,3562862.614503423
2025-04-21,3524014.154689323,3480452.985689318,3428263.802189315,3557032.938189317,3274867.609689318,3699228.431189317,3422912.0886893165,3645829.3811893193,3184552.9406893183,3204904.2251893203
2025-04-22,3533497.7027567173,3352651.59125671,3530847.1187567124,3401335.9697567094,3679014.5307567134,3562445.225256714,3330799.2772567105,3777028.0522567173,3524688.8362567113,3363567.508256715
2025-04-23,3501117.8568538353,3618474.8413538327,3326427.6808538325,3457273.949353837,3413835.108853835,3639796.3898538416,3552415.591353837,3483372.0538538345,3673873.419353843,3363537.9883538373
2025-04-24,3856141.023075206,3396324.678575205,3427277.051575204,3413792.297575207,3473398.9560752036,3226837.6280752057,3463126.5115752066,3250824.5880752048,3355295.308575206,3402623.427075206
2025-04-25,3298221.489050001,3537652.462049991,3443083.132549997,3369079.3460499984,3563164.1195499985,3369079.3460499984,3486273.977549995,3431222.2210500017,3428780.6580499974,3627067.1660499987
2025-04-26,3469761.755795889,3424299.629795888,3276330.83629589,3422782.828295894,3533559.5267958897,3439717.4567958885,3399167.4802958923,3545020.6822958933,3694123.082295889,3368920.31279589
2025-04-27,3523386.8236144506,3547615.920114445,3332132.5381144453,3459922.8246144485,3470648.5061144475,3385777.7091144454,3356886.6491144537,3397444.3001144524,3430855.340114449,3524526.112614441
2025-04-28,3333630.391825887,3552100.8318258896,3520249.557325888,3513351.8238258893,3556432.3303258875,3533035.9733258877,3532769.6918258877,3518477.743325883,3201417.645825886,3139436.4193258896
2025-04-29,3396959.3135731486,3404537.666573148,3455158.958073156,3199732.37007315,3404242.677573152,3531269.680573157,3012575.200073155,3274366.2260731505,3246127.0000731493,3409110.271573154
2025-04-30,3340669.740701371,3638937.2307013744,3362079.931201367,3697690.133201367,3539008.70870137,3512485.4167013685,3591236.7472013673,3324152.7282013716,3402703.0912013697,3402703.0912013697
2025-05-01,3677278.1549570565,3395669.34495705,3344110.1824570494,3568419.955957052,3535057.6664570533,3637050.7209570566,3478147.8554570526,3327641.4664570545,3450136.66445705,3374653.5294570527
2025-05-02,3337068.4515689015,3319819.0960689015,3449478.6705689044,3490087.3215689063,3132619.6355689005,3398870.086068903,3404357.022568903,3463501.1030689045,3521029.4950689063,3313367.7770689023
2025-05-03,3445278.7515416397,3411675.2940416364,3250864.258541637,3396887.481541637,3696991.1965416335,3487160.5720416387,3442464.9040416377,3386811.744541637,3528564.5125416433,3561078.0145416344
2025-05-04,3570064.223812876,3530337.7438128786,3480932.907812878,3512984.872312871,3621787.910812876,3455865.985812879,3434610.485312874,3589745.4738128763,3363789.259812876,3539813.0193128735
2025-05-05,3501043.683942121,3575863.9039421175,3354134.6404421157,3172900.626942123,3345720.8849421213,3500044.5214421214,3575863.9039421175,3590473.855942118,3468869.8714421215,3267650.084442124
2025-05-06,3520563.620340135,3286584.9768401356,3308001.4628401347,3501498.761840133,3292119.118340132,3311269.290340129,3268532.3168401374,3271875.954340135,3273759.9918401362,3125914.4743401366
2025-05-07,3330562.646329712,3514291.215329717,3546573.1628297186,3650254.872829716,3605018.3363297177,3613240.055329713,3635535.653329719,3585145.178829716,3512466.344829716,3194610.49732972
2025-05-08,3591881.967135889,3544145.817635889,3136649.84263589,3254181.781635896,3559117.420135886,3466026.19063589,3450344.5656358907,3531290.847635885,3566638.8696358865,3450344.5656358907
2025-05-09,3508534.595418006,3540174.2474180106,3343693.2189180125,3404798.312418009,3390145.6429180126,3465084.3804180124,3463264.231918013,3558142.211418012,3497530.39091801,3527914.120418004
2025-05-10,3389947.085736985,3385640.810736987,3536007.9477369813,3314566.972736988,3542703.3677369915,3471251.564236988,3315416.341736989,3473249.2497369885,3538919.0042369864,3444414.405236985
2025-05-11,3643242.4337992463,3351523.0802992485,3331659.9802992432,3397519.7207992463,3488617.671299245,3293635.802799244,3210794.540299242,3116252.0667992462,3456753.854299254,3388314.6182992463
2025-05-12,3493752.676919722,3489675.4519197233,3550920.909419726,3540971.313919729,3427517.6979197245,3444246.19441973,3440182.281419727,3518432.4709197236,3317110.5359197287,3138939.0239197304
2025-05-13,3134293.039674452,3347920.844174459,3456187.916674451,3258016.113674459,3200274.7316744514,3476249.622674458,3539844.495174451,3482430.7041744557,3349437.645674453,3008046.357674457
2025-05-14,3324791.8351410846,3374638.792641088,3390491.054641088,3572878.122641083,3808328.0586410873,3473270.3336410867,3171662.3601410883,3405801.445141089,3433212.523641087,3289922.3756410885
2025-05-15,3168238.701640066,3596385.6171400696,3518944.1736400616,3504935.450140072,3080431.8566400697,3377463.8301400705,3489152.49314007,3126075.9516400727,3376829.3876400664,3415123.674140065
2025-05-16,3402186.237100545,3385684.8306005434,3434677.3216005457,3610667.7011005473,3502240.8036005483,3405121.2526005427,3502240.8036005483,3406975.195600548,3414499.880600548,3267404.194600548
2025-05-17,3232228.2255923995,3137704.138592397,3577654.8005923983,3310870.9050923926,3247158.113092397,3032744.483592399,3223208.128092398,3409441.5255923993,3470723.1875923984,3239465.6815923955
2025-05-18,3570053.479241368,3416063.5352413678,3548655.571241369,3559826.8992413618,3173180.692241364,3416063.5352413678,3281758.2362413644,3428625.649741362,3371650.4592413637,3608674.280741362
2025-05-19,3467267.4438484246,3666637.8438484254,3449781.767348429,3385652.5558484253,3369322.0258484227,3557927.8588484284,3416982.514348426,3329487.757848428,3323374.337348426,3501938.1683484204
2025-05-20,3367871.082110961,3328470.101610956,3570972.654610961,3124235.32111096,3539609.5991109563,3543641.061110956,3159223.761610964,3540158.630610963,3428158.9286109563,3538840.4531109515
2025-05-21,3382694.776480478,3501385.92098048,3443480.1059804787,3335156.9374804846,3441987.036480485,3481208.4799804823,3590042.4069804777,3657681.021480481,3320555.0679804836,3566802.343480483
2025-05-22,3386263.362691508,3163198.2026915103,3690224.1261915034,3385485.914191507,3273857.5411915015,3498122.3316915063,3576372.521191503,3259453.3831915096,3433546.5756915063,3444751.6831914997
2025-05-23,3405539.3334350646,3335197.275435073,3307101.639435073,3421117.6054350743,3454859.9279350666,3517010.3564350666,3601525.3669350725,3627478.690435069,3429318.5789350737,3469436.2989350725
2025-05-24,3523684.080380005,3606017.8388799983,3431393.966380001,3548080.298880005,3605415.5578800007,3538959.898380001,3406892.9538800064,3548080.298880005,3560013.6518799947,3475122.944380004
2025-05-25,3533553.585176026,3302029.3881760295,3515781.653176027,3659309.9421760254,3401984.262176027,3436808.4421760244,3461963.3861760236,3417191.095176023,3287241.8346760306,3526203.754176027
2025-05-26,3521448.115471099,3486220.488971097,3614251.6404710975,3576717.2139710914,3511960.830471098,3368031.9069710984,3404157.415471098,3482513.740971097,3463082.035471097,3379097.1894710944
2025-05-27,3361898.7831241796,3355112.0256241793,3467721.2301241816,3284951.7336241785,3363144.3341241754,3422619.5406241766,3570119.8971241787,3354262.6566241784,3485040.859124179,3541474.111624179
2025-05-28,3366233.8808632856,3400075.034363285,3409999.7388632856,3541005.956863287,3664097.5838632844,3223045.0693632844,3514303.7688632854,3536006.6288632783,3563147.3023632793,3319726.648363284
2025-05-29,3542759.132868419,3488392.3713684245,3534041.0503684124,3550522.7683684253,3469437.7623684197,3570056.7043684227,3549424.9453684175,3314035.882868418,3493412.4008684237,3394151.486868415
2025-05-30,3388008.1683136933,3282244.1318136975,3533859.1288136966,3391045.4028136916,3540696.2143136957,3533859.1288136966,3363615.842813695,3315861.002313694,3370150.89231369,3484173.764813697
2025-05-31,3285061.744745135,3622187.6982451323,3500093.9742451287,3397770.4667451326,3266031.3342451286,3416900.106745129,3370594.943745132,3448487.4867451335,3465825.870745131,3309427.441245131
2025-06-01,3444491.0899038264,3507836.219903832,3523121.193403834,3550824.78390383,3463030.860903831,3187418.952903833,3327976.9994038325,3284867.0084038326,3562736.958903829,3320624.7649038313
2025-06-02,3154780.0495535596,3290345.518053552,3399805.460553557,3559971.5870535527,3389647.292053554,3541989.9270535554,3057374.9185535586,3418483.697053556,3456321.576553561,3427798.8200535555
2025-06-03,3629247.2691887594,3429057.248188762,3557191.5666887667,3279308.744688765,3639163.791688756,3482607.183188759,3525317.658688763,3248964.8961887634,3378289.8336887597,3419946.1841887604
2025-06-04,3396462.5460575386,3535191.4115575384,3253178.8575575375,3443359.1485575386,3234709.2865575342,3237276.292057534,3385541.6000575335,3273707.515057538,3427366.238557536,3470442.4880575323
2025-06-05,3357747.6524134246,3520966.8194134254,3274580.8139134194,3079677.301413424,3387428.2659134236,3381885.4469134244,3458635.1369134258,3425092.4514134196,3300893.8169134283,3336859.25241342
2025-06-06,3476602.779220826,3468998.8942208164,3453011.904220821,3191163.7082208167,3437043.0202208245,3071023.3592208237,3464921.6692208177,3424139.0872208118,3408722.7032208233,3420454.021720826
2025-06-07,3464623.9314038362,3240345.127403832,3223931.9254038376,3403383.176903838,3306528.470903831,3129388.024903841,3254562.036903835,3470556.424403829,3373514.3814038364,3103081.333403834
2025-06-08,3384328.8581666383,3155696.0166666424,3269296.1771666445,3271331.1531666424,3020930.866166641,3107272.23066664,3138379.6401666407,3219636.4041666393,3327049.6721666474,3238452.06066664
2025-06-09,3134379.300321916,3199732.5988219124,3057848.023321916,3280006.630821912,3375345.106321911,3374575.960321906,3108012.253321918,3283138.685321914,3240180.2833219147,3033651.6438219124
2025-06-10,3587730.358463352,3225459.0904633505,3210897.763463351,3464837.863963349,3495040.152963353,3382788.0704633417,3296988.497963356,3357745.3084633513,3448834.135963349,3175565.9249633467
2025-06-11,3178018.744628488,3337915.1736284927,3522349.9816284953,3429940.52412849,3197993.951628491,3106003.872128487,3266147.981128487,3075155.349128491,3304084.747628491,3349646.4921284956
2025-06-12,3299784.5694156107,2929749.1654156107,3233126.1199156055,3034344.2259156113,3203113.184915613,3424717.8499156153,3329735.329415613,3265098.103915607,3135725.6469156086,3701983.436415612
2025-06-13,3221567.6708361665,3312427.7993361643,3318581.2513361624,3295706.9203361627,3321663.9853361663,3294190.1188361687,3512520.024836162,3402498.1838361635,3401459.2883361666,3226687.2123361654
2025-06-14,3439832.6674746596,3281702.5524746533,3239160.962974657,3396739.4889746583,3204101.731474655,3203235.180974658,2970160.5249746563,3312315.4259746526,3228944.2349746535,3345827.5579746542
2025-06-15,3401679.1124431505,3141332.9164431514,3347562.9989431514,3393229.5894431514,3097295.6854431564,3451057.805943153,3279000.7234431496,3462386.0379431457,3176892.2749431496,3315293.5464431485
2025-06-16,3316524.4526411626,3441197.7581411656,3300153.4486411633,3138538.997141163,3300197.6671411647,3282071.5771411653,3077628.509141163,3267519.2651411667,3485415.7521411665,3434097.8616411625
2025-06-17,3451137.089341371,3302899.4838413703,3205655.5848413743,3437327.1243413715,3221607.3273413735,3437327.1243413715,3453441.8598413696,3548113.595341368,3197749.247341374,3364131.9108413714
2025-06-18,3437745.146103149,3318746.6711031455,3372117.319603152,3207020.731103149,3410681.887603147,3586091.2731031496,3364029.093103152,3163695.0711031556,3367216.128603151,3266083.67510315
2025-06-19,3292299.4418732873,3244619.714373291,3366966.315873287,3184722.3993732873,3516034.687373287,3372752.7053732853,3190939.6243732916,3362784.73137329,3394062.0888732886,3190800.894373285
2025-06-20,3074821.8160820515,3286418.8880820535,3305845.5165820564,3301594.2330820505,3449991.693582048,3252371.669082051,3413044.9035820505,3277431.8950820547,3303403.953582052,3548221.5505820517
2025-06-21,3367046.4803309636,3124313.618830964,3157756.6733309613,3482925.492330961,3554264.740830961,3157756.6733309613,3369288.6153309615,3311076.6608309583,3390542.930830959,3180122.7893309603
2025-06-22,3468547.5983215733,3447007.816821571,3191815.277321576,3176418.739821578,3282088.367821578,3284593.4583215765,3234978.87232158,2991275.8958215774,3374848.307821576,3412778.2968215784
2025-06-23,3503168.4450775324,3259362.340577536,3224138.725077538,3392463.087577533,3220155.800077539,3339361.4340775325,3367711.180077531,3395332.882077539,3256445.8940775334,3445439.407077539
2025-06-24,3429919.681447262,3323585.987447258,3333282.6724472647,3301212.5289472616,3340475.2589472616,3411097.7474472593,3341866.3099472634,3275024.6789472597,3269725.94244726,3282534.292447263
2025-06-25,3390959.591307946,3435478.5878079413,3402604.2523079463,3187531.0303079495,3326123.4748079493,3177757.4843079443,3435478.5878079413,3442174.0078079514,3187531.0303079495,3211896.726807946
2025-06-26,3359836.203272604,3188433.5667725997,3372356.3022726034,3114913.0582725992,3288358.440272601,3273524.2952726027,3282112.3997726063,3327956.2522726073,3108051.495272602,3457478.4352725996
2025-06-27,3174712.1685834224,3449814.451583423,3416672.6725834236,3332204.17758342,3234609.483583426,3469649.40058343,3234900.666583426,3253049.930583424,3296893.8380834223,3173684.4115834236
2025-06-28,3348212.9035819164,3010788.6750819194,3232246.9135819213,3296338.1735819145,3036571.4110819167,3423290.270081921,3348700.1925819144,3237760.5175819164,3233409.3005819153,3270525.6355819176
2025-06-29,3236374.4293095865,3278367.73980959,3361903.990309588,3069142.6113095856,3383518.511809591,3223720.88280959,3237511.2193095903,3380730.1373095885,3187113.7573095905,3278367.73980959
2025-06-30,3279164.6509652752,3428543.9119652775,3402542.308965275,3403644.4774652733,3176129.2574652736,3718826.8104652744,3279164.6509652752,3383717.470965269,3482169.98346528,3164250.6249652756
2025-07-01,3235499.8946820577,3193691.713682057,3440791.8606820623,3412862.2226820625,3206357.4491820573,3471630.8671820583,3261984.8276820583,3543789.736682055,3332026.33418206,3007282.8026820603
2025-07-02,3257204.459970274,3337488.834470275,3369250.812470278,2969856.4414702784,3211392.1889702785,3317247.9289702782,3541706.838970278,3403835.3104702756,3420276.5499702785,3348311.3484702785
2025-07-03,3389096.006178085,3436832.155678085,3353093.1586780855,3371162.401178087,3486898.1371780867,3238876.1831780863,3292656.959678083,3227119.829678088,3317129.831178084,3320285.9206780856
2025-07-04,3250682.4576702053,3334171.0826702076,2980758.3856702093,3196346.172170205,3432331.9976702053,3397635.0816702098,3334420.2001702106,3230201.254670208,3132210.6636702125,3287705.7931702067
2025-07-05,3287065.47203685,3273230.049536855,3286678.4190368517,3401233.4125368553,3398516.14253685,3454435.9240368563,3231096.195536855,3147331.3795368536,3476312.1690368564,3389944.773536853
2025-07-06,3260327.9929196616,3311171.79491966,3265395.442419661,3213646.2824196657,3295753.9679196593,3321784.3884196607,3429835.8324196623,3531810.062919658,3308903.9779196647,3319834.3319196617
2025-07-07,3211295.1149112326,3321107.8084112275,3229771.7419112395,3301241.786411229,3327144.7399112396,3302886.0944112344,3370370.757911236,3271554.335911235,3441506.4119112296,3383258.3139112354
2025-07-08,3453106.2361430186,3453106.2361430186,3162205.0796430167,3082851.5836430164,3229245.458143018,3180560.9196430147,3204616.191643012,3421872.08014302,3143894.95514302,3073629.881643016
2025-07-09,3178936.4186513713,3169679.55415137,3304372.2566513717,3326024.5366513734,3307504.3111513737,3196412.293651377,3261565.9481513747,3464987.651651373,3362959.6121513643,3415423.3041513786
2025-07-10,3291957.8422615086,3215129.1442615106,3183353.04276151,3198300.3537615133,3268082.5292615136,3574093.5302615147,3011731.9442615127,3438992.359761512,3362443.1317615113,3451564.5197615097
2025-07-11,3423879.809592337,3286757.157592331,3297009.4520923374,3355783.354092333,3322606.617592334,3229684.9940923336,3303991.4650923316,3227763.3110923376,3350882.163092332,2995202.0525923334
2025-07-12,3289770.9578056154,3369487.94830562,3376525.124805621,3419679.970305613,3375066.7038056212,3113335.55330562,3220086.775805612,3327087.818305617,3223720.4268056173,3466526.252305615
2025-07-13,3196148.555148085,3264052.207648085,3360314.865648083,3155823.139148081,3191029.013648086,3352965.034648084,3216391.7191480817,3393061.9766480788,3315444.452648083,3321469.2471480877
2025-07-14,3298621.9315948635,3103855.366094864,3342376.684094866,3649986.129094865,3348401.7165948628,3319191.863594864,2962215.125094867,3147558.2250948627,3348027.7460948634,3420915.463594861
2025-07-15,2963663.934676442,3305352.017176441,3385579.3006764418,2921180.0081764404,3239520.6631764374,3405922.112676439,3301965.669676434,3175580.2756764404,3283699.7371764393,3161454.9066764433
2025-07-16,3456903.6112499293,3148556.138249932,3339774.534249935,3194702.681749932,3383889.5997499335,3129290.6067499286,3326525.57724993,3212763.720249936,3127288.3727499354,3177714.3927499307
2025-07-17,3341748.305003564,3321258.4540035627,3366867.7105035554,3181162.6950035607,3308205.6195035577,3388999.5975035583,3388999.5975035583,3149532.0905035627,3197094.9625035627,3181948.243003559
2025-07-18,3386229.9291045195,3554652.2126045246,3338276.32410452,3381388.328604512,3386188.9366045166,3457888.7561045177,3500341.6251045186,3329989.970604522,3464015.440104516,3258222.778104516
2025-07-19,3370413.140224657,3393309.3922246573,3166847.905224656,3276183.0837246557,3246138.9692246616,3120531.8042246583,3316572.6542246556,3188900.3357246555,3643616.1327246563,3087088.749724661
2025-07-20,3243333.0872173305,3682995.2467173296,3229738.949717329,3353475.2137173284,3405565.9702173234,3292621.083217333,3443203.5637173336,3494744.366217329,3324738.029717329,3279050.381217333
2025-07-21,3312260.3997699977,3155620.009770001,3271086.5342700006,3335175.379769999,3301235.203269999,3320274.6462699976,3417631.8742700005,3021658.254769999,3322773.768269995,3335175.379769999
2025-07-22,3414863.5321993884,3246140.884699388,3275882.8466993817,3369255.553199378,3242223.363199386,3281652.523199388,3007137.2101993836,3429102.713199385,3375252.7841993803,3213123.1961993845
2025-07-23,3411760.1410747957,3259865.0750747933,3259204.2705747937,3184747.550074795,3312801.9105747915,3395763.5810747948,3329495.716074793,3537753.9800747912,3386297.7265747963,3334267.6590747917
2025-07-24,3259746.4269116395,3213350.3559116432,3052516.435411639,3231238.3209116417,3006295.738411641,3173980.952411645,3149605.536911639,3261265.7784116394,3103046.9974116455,3318424.519911639
2025-07-25,3009049.2463591755,3316368.933859175,3033096.2898591766,3316368.933859175,3400174.608859177,3383426.3023591726,3193168.376859174,3269979.196359169,3160820.2618591725,3269979.196359169
2025-07-26,3230465.2467467044,3355979.9897467094,3273756.341246708,3186297.461746715,2965445.308246713,3231982.42674671,3445708.3397467146,3448843.195746716,3325960.517246715,3256636.0512467083
2025-07-27,3314734.9084065687,3322515.246906575,3156061.3794065737,3039647.5049065733,3314357.3689065753,3322515.246906575,3486845.7049065754,3531919.3769065663,3348727.206906573,3324036.7584065762
2025-07-28,3369947.334774237,3036197.840274244,3264713.7167742457,3175514.2057742467,3148229.997274244,3198431.352274248,3102186.6047742385,3267677.4932742477,3320587.093774247,3435549.642774243
2025-07-29,3132462.828699996,3168389.5071999948,3333399.282199998,3464802.8736999948,3132462.828699996,3115134.745699997,3120677.400199993,3036883.1021999954,3265346.7261999957,3426173.758199992
2025-07-30,3171785.6230084915,3325541.901508488,3102935.861008488,3171409.6030084873,3483421.8905084957,3172782.368508492,3333561.8995084953,3126432.9675084925,3248266.1535084895,3090675.211008494
2025-07-31,3061517.555081371,3378499.6570813665,3157861.389081368,3065479.0035813726,3025860.9820813704,2991357.2630813704,3238265.230581364,3172754.0480813715,3135785.711081369,3142443.5620813677
2025-08-01,3150359.878058764,3156513.3300587623,3107646.278058764,3116563.2720587607,3173696.809058762,3227786.4390587634,3261100.3195587634,2979404.8810587614,3228785.601558763,3097675.8940587607
2025-08-02,3059903.690192051,3039429.4076920575,2968161.524692049,3147846.48669205,2980879.02669205,2826276.9491920522,3347947.174192053,3015923.0736920536,3010368.426192051,3117138.470692051
2025-08-03,3162980.7140325345,3022159.152032534,3130553.28953253,3283384.6680325367,3207638.1765325363,3329666.2860325333,3264484.9695325317,3222433.1620325334,3240291.4895325354,3198344.6625325354
2025-08-04,3003891.716012048,2988174.602512053,3155737.038512057,3256453.372512051,3091681.423012049,2773825.575512053,2982061.1820120513,3212292.7045120467,3007765.706512051,3123064.399012048
2025-08-05,3087974.2722399374,3040727.9642399335,3060345.311239935,3070222.742239937,3245943.3082399364,3069368.4037399366,3219989.9847399397,3072456.2397399372,2989050.1532399356,2979836.1662399424
2025-08-06,3064573.0318382164,3128956.0058382186,2994127.021338224,3202794.8698382257,3010224.2393382234,3000612.6498382213,3209402.9593382166,3125296.3503382285,3002190.257838226,3156912.38333822
2025-08-07,3344275.8937760945,3035295.4312760956,3013495.5662760986,3297698.542276093,3196016.5702760974,2886789.5772760967,2999937.8402760997,3202367.2387760966,2957133.4997760984,2937204.5707760947
2025-08-08,3122815.713009584,3161755.465509584,3110239.011009589,3170670.41900958,3243842.3795095836,3274044.6685095876,3052524.267509585,2736531.799509586,2932530.554009581,3155664.5915095797
2025-08-09,3282317.9481043066,3122854.5866043116,3141624.27260431,3035693.449104315,3185275.905104314,3278849.7341043116,3184345.1351043102,3126209.7616043095,3211182.294104313,3067431.819104313
2025-08-10,3176336.344821638,3108281.730821637,2887616.912321637,3076369.1863216367,3068502.552821639,2976596.3748216387,2992987.555821642,2982130.516321635,2949981.053321639,3070964.870321635
2025-08-11,2982503.840527875,3047218.955527875,3134856.2465278683,2886983.6375278784,3138350.1280278726,3276207.009527877,3180841.082027877,3124574.5315278727,3136435.0060278736,3406183.3415278792
2025-08-12,2925316.1199512263,3150956.284951222,2894341.870951229,3141992.3769512293,3034634.6934512234,3036386.7569512273,3003190.9509512293,3081252.341951229,3068227.812451223,2843944.408951229
2025-08-13,3326719.3735191794,3084231.1300191744,3118729.384019175,3264617.374519168,3142758.3300191746,2846456.342019178,3091461.755519172,3082280.510519177,2938309.5140191736,3283498.0455191764
2025-08-14,2811273.6638077996,2857004.618807797,2916038.8968078024,2930469.508307799,2815568.368807799,3125170.5028077983,2982884.4558078023,3081283.422807801,3028745.8888077987,2940054.9908078006
2025-08-15,3139942.168894652,2717296.6833946514,2929145.9308946524,3145593.2308946494,3189769.6368946494,3182248.187394649,3173189.1188946464,3220252.762394652,3148519.326394653,3064521.4643946504
2025-08-16,3074193.9955120506,3084847.0360120535,2977542.4030120485,3225628.6905120467,3320949.204512057,2942672.9435120523,2783003.2525120554,2936800.177512049,3091314.28551205,3093387.6435120516
2025-08-17,3198548.1249840353,3260239.9724840345,3048252.119484039,3185475.3064840348,3325022.0929840356,3001240.056484041,3075663.197984037,3215775.57448404,3068741.0569840367,2927694.404484039
2025-08-18,3202600.2194493115,2936728.0314493096,3155976.0059493156,2984020.593449317,3292678.99194931,3181595.512949316,3429899.070949311,3029651.386449315,3062208.0879493114,3097776.361449308
2025-08-19,3046627.981963493,3301138.1569634904,2779362.7679634923,3221271.4699634924,3105540.737463495,3078909.9294634946,3042768.135463494,3151819.484963493,2790932.449463491,3080758.4814634915
2025-08-20,3060693.717541093,3064656.1240410954,2975721.1850410895,2996296.890041092,2885305.9665410887,3092575.7655410916,2881221.9475410962,3026717.3635410997,2895548.034541095,2873315.610041096
2025-08-21,3099003.5343054747,3260023.905305474,2970884.576305482,3198332.057805475,3043001.1168054785,3079873.8943054783,2957391.6263054754,3104479.7443054775,3135818.4023054796,3311503.2258054754
2025-08-22,3049553.8570862934,2692330.959586298,3163140.0740862954,3049553.8570862934,2909223.358086301,2992868.486586301,3098321.733586298,3051356.8070862927,2965297.124086304,2899004.401086299
2025-08-23,3130199.632671577,2751471.633671575,3102645.631171574,3063882.813171579,3039331.8216715767,2914612.566671581,3000125.9221715815,3109860.8391715745,2994356.2456715754,3037252.101671577
2025-08-24,3092428.2934676697,3170874.564467668,3008405.5989676714,2998567.276967674,3030236.132967668,3089711.3394676694,3140476.206467669,3209921.0949676693,3113642.2194676697,3222904.6319676726
2025-08-25,2765177.829055477,3165730.1950554755,2989803.416555472,3194045.773555471,3142545.3745554737,3111085.137555477,3032534.3045554804,3008854.188055476,3091566.254055476,3089105.1905554743
2025-08-26,3134818.5518778046,3143047.4793778104,3213855.4803778077,3204080.0533778034,3137142.5833778107,3063997.7358778063,2993066.40637781,3228071.2418778036,3062839.288877806,2825381.192377806
2025-08-27,3104270.9254421885,3059216.5789421904,3086068.2074421966,3062599.4614421907,3083068.1269421945,2753851.7949421913,3144827.3324421914,2964645.6344421874,3197811.8304421855,2968265.4244421893
2025-08-28,3095502.0272835586,3100783.303283561,3054674.9627835583,3217795.559283556,2963911.2017835584,2994786.131283565,3139256.779783561,3306736.802783566,3080029.5802835613,2948370.11828356
2025-08-29,3218731.8987313705,2839644.868731367,3144587.2112313593,2994868.683231369,3118677.332231367,2974056.967731373,3162459.1207313645,3127788.3962313686,3218448.8112313724,3057403.634731365
2025-08-30,2997217.468303976,3094663.624803976,3031907.1248039743,2997729.685803973,3184127.9393039765,3004176.9423039733,3096036.336303978,3077214.171303975,3068239.5908039673,3071777.690803973
2025-08-31,3086748.227749792,3215314.522749793,2952424.0817497917,3262759.5127497977,3107967.730249784,3169574.5137497913,3217828.7542497884,3318377.559249789,3169896.306749791,3122379.27424979
2025-09-01,3018997.385756991,3048519.96925699,3044896.0417569876,3133974.7132569887,3134462.0022569867,3194526.0197569844,2767632.20175699,2992276.991756994,3134269.702256985,3276341.1607569903
2025-09-02,3180082.4664373323,3109980.8414373305,2963289.342437329,3063902.604937328,3033831.9844373297,3008107.0529373297,3173444.8404373326,3045720.8739373293,3125005.9199373326,3113567.327937339
2025-09-03,2741505.484515073,3175644.1040150668,3106530.0175150745,3029638.0535150724,3137973.7600150686,3150226.121015073,3072499.09401507,2850038.3340150733,3081537.487015072,3299802.721015076
2025-09-04,2980023.2327439063,3317149.186243904,3136377.247743902,3013882.049743906,2994625.1022439073,2866874.9697439033,3055410.9917439045,3076536.095243902,3216198.9047438987,2939142.2772439006
2025-09-05,3197859.7169454857,3210261.595445479,3111312.7554454827,3142663.9329454806,3262587.6049454818,3284070.619945478,3176577.4124454777,3329577.989445487,3004355.4089454855,2879813.602445484
2025-09-06,3260356.947025616,2970191.1005256185,3107672.4105256153,3017435.9430256197,3218487.8515256154,3202819.013025616,3022720.435025616,2993173.227025615,3175178.500525616,3002399.9280256135
2025-09-07,2886676.804519175,3116813.283519175,2894472.9555191738,2955589.872519179,2734438.9025191744,3048275.4915191736,2937023.975519173,3178682.0535191745,2995041.6345191733,3006965.649519177
2025-09-08,2919153.3066535643,2808556.252653556,3259739.701653559,2965465.1426535584,3182558.8861535606,3039085.1231535594,3122909.307653561,2835682.131153557,2943773.9991535563,2964784.0996535625
2025-09-09,3205915.535909582,3109105.8654095833,3214132.7024095817,2814518.491909586,3295224.1309095803,3047329.4074095828,2871334.6694095903,2999985.608409583,3076881.574909594,3011497.606909585
2025-09-10,3152034.717424655,3015449.236924653,2974622.1724246526,3176274.673924652,2920934.9569246606,2977537.2444246593,3042549.2779246545,2985227.5399246537,3079272.741924655,2776553.2934246534
2025-09-11,3051335.26424712,3125009.5922471196,3134518.9697471187,2991273.859747125,2931113.3242471213,3129542.8922471195,3182757.854747124,3180468.183247125,2993195.542747121,3188848.7792471237
2025-09-12,3129774.2827825393,2915869.607282535,3089470.2412825376,3166607.755282536,2908073.4562825365,2909996.841282532,3136534.425782535,3211844.2917825347,3003780.438282536,3188400.4102825364
2025-09-13,3038820.3023252077,2712621.77032521,3121698.339325212,2921221.738825211,3111767.6398252044,3173992.1043252116,3100763.435325208,3100763.435325208,2988534.89282521,3161990.840825204
2025-09-14,2985397.2192052067,2908594.3267052034,3067741.2222052095,3068461.2947052056,3146986.800705212,2917772.208205204,3018336.386205209,2974231.2382052043,3231988.955705206,2705183.449205206
2025-09-15,3179531.161132736,3039396.963632735,3050558.2551327343,3025244.1181327347,2796210.1991327344,3116531.9416327355,3082110.565632741,2961764.959632737,2926441.9951327336,2958790.110132735
2025-09-16,3015040.3447032184,3106489.128703223,2851877.5687032198,3091730.3082032255,2885450.7452032235,3069644.5927032246,3018732.6617032206,3015545.6262032213,3084808.133203226,3041285.9677032223
2025-09-17,2937855.3062356184,2993970.2707356135,3172647.528235613,2926282.902735617,3162539.647235613,3064284.261235611,3068035.0482356115,3051806.6907356135,2950943.2837356147,3019962.991735612
2025-09-18,2952133.7786210924,2958329.167121098,2917156.077121099,2969636.9366211,2849470.647121101,3053318.1171211014,3006351.260621102,2832517.1441211007,2911247.7946210965,2714545.998121096
2025-09-19,3107076.996764248,3083600.90476424,3081437.030264247,3181618.9372642417,3140383.9357642443,2765592.4477642495,2817425.829764243,2812747.184264244,2987436.6897642473,3098681.2947642454
2025-09-20,3203287.0314491736,3131311.562949182,3159241.200949182,3028298.0089491764,2928713.7544491747,2921458.649949182,3050226.5569491764,3096719.780449173,2935915.6234491807,3065236.0914491764
2025-09-21,3055087.043213702,2962195.7077137004,3054770.754213701,2889158.4787136987,2972209.0062136976,3000098.1537136966,2942939.412213697,3044481.2777136983,2734353.487213702,2956759.2272136984
2025-09-22,2899518.5069130138,2886852.7714130133,2994972.232913012,3133636.7689130087,3071988.3999130162,2941449.649413011,2914667.5319130127,2935829.458413008,3050564.689413014,2965230.2709130184
2025-09-23,3040069.8652482154,3023625.1822482115,2996862.8607482202,3060951.7062482187,3058609.63624822,3070461.0837482177,3059299.929748222,2859731.919248221,3011128.926248223,3003330.110248217
2025-09-24,2919465.9088334935,3040910.853333496,3166874.6778334915,3063192.967833494,3285421.1953334897,2923953.673833495,3081696.2313334914,3057182.966833488,3021614.693333491,3184156.9638334876
2025-09-25,3107225.6984663103,2711806.461966307,3022609.318466299,2906997.1929662996,3164683.105966302,2895133.7274663,3005837.8299663053,2871408.332966305,3164683.105966302,2889988.9094663
2025-09-26,2971921.890646992,3014075.8346469924,3174157.1326469914,3121301.151646994,2799365.6446469966,3007639.1846469943,2743944.83964699,3105316.6706469855,3172939.265146988,3078885.6751469923
2025-09-27,3141309.8206102774,3108656.507610278,3156473.361110279,3204397.328110274,2961077.4216102776,3012049.2591102743,3165935.693610269,3156473.361110279,3148869.4761102693,3033561.4021102767
2025-09-28,3098353.0839448674,3007710.323444866,2863754.0449448703,3097263.4229448703,2977020.7939448687,2873517.8719448657,2932180.283944868,3147840.983444863,2948315.219444865,3024940.223944866
2025-09-29,3052668.033935073,3122532.6374350656,2776166.63393507,3207225.8044350734,2918290.2804350667,3100242.091435067,3087341.6889350717,3044067.9259350696,3147432.0214350745,3154604.6824350655
2025-09-30,2933821.8227533586,2950100.2227533567,3137008.630753365,2919771.8417533548,3008942.03575336,2932119.4757533576,2947451.667753357,2902259.8967533605,3099147.237753358,2980321.919753356
2025-10-01,3064857.3446534253,2983849.154653424,3200448.62465343,3081331.5896534272,2987564.5621534246,2984047.471153421,3087516.6661534235,2995559.469653423,3039597.236153426,2742343.5476534283
2025-10-02,2879416.025457539,2897449.6369575355,2847959.895457532,3007231.9624575344,3194276.0399575336,3096492.9604575373,2920417.4789575324,2669232.544957538,3090462.448457537,3101809.8684575367
2025-10-03,2949660.062054791,3066905.69905479,3014669.8150547906,3109837.4790547923,2953564.721554794,2871498.130554794,2987997.2875547884,2997330.579554794,3073435.8080547913,3125852.270054796
2025-10-04,2842648.21123233,3073376.3452323237,2891039.481232333,2906412.7107323245,2925729.137732331,3063611.2307323324,3217450.5692323246,2951779.8887323285,3019496.165232334,3085636.47223233
2025-10-05,2672507.998020545,2856632.1655205437,2984925.9245205456,3009664.3095205426,3111486.992020542,2927168.8580205427,3020989.542520546,3002515.244020549,3167312.9925205405,3057957.8795205485
2025-10-06,3037961.0026145927,2868385.062114589,3059999.4896145924,3003102.7946145935,2815070.1796145933,3010106.8596145962,2951034.688114596,2963932.183614588,3173454.44911459,2882610.8456145925
2025-10-07,2859247.254775338,3098737.112275341,3040898.02427534,3016191.62777534,3024629.1292753494,3052975.6567753465,3301468.491775347,3127065.3187753437,2989832.2242753427,3255098.9397753426
2025-10-08,2962450.9827111666,2897627.9092111685,3217378.7982111666,3104623.1312111663,3079832.3082111618,3026847.8102111677,3081179.249711168,3002214.784211166,2954022.096711161,2915975.4897111636
2025-10-09,3011963.2207116475,3004907.98821164,2971522.007211646,2921561.321211648,2811142.687711647,3203323.9012116445,3155726.5847116415,3037504.5697116405,3120271.3157116435,3040766.9552116417
2025-10-10,2858221.133629595,3029275.8931295914,3012531.9426295925,2707915.065629595,2993614.632129594,2950302.682129589,2886545.2086295923,2885277.7696295907,2820977.7446295926,2868150.3836295917
2025-10-11,3179288.195443017,3249740.2809430105,3298367.3799430123,3075018.1254430087,3128748.8449430075,3026269.325443012,2964085.916943013,3058957.5969430124,3139677.447443009,2951151.8004430137
2025-10-12,2835668.825594864,2932184.925094862,2835668.825594864,2914006.5875948654,3000039.296594868,2801005.0950948624,2869242.0020948676,2860798.0920948656,3108214.142094868,3091086.959094866
2025-10-13,3048599.1801754762,3379122.1981754773,2913562.7516754745,2903528.127675475,2946052.237675476,3146583.318675478,3046097.612175475,3156691.199675478,3046097.612175475,2952244.2221754724
2025-10-14,3074565.5817686967,3000406.1582686943,2978250.303768696,3194057.5527686905,3148521.89126869,2941430.6402686983,3079131.1567686917,2916269.592268695,3038203.3662686916,3070447.664768696
2025-10-15,2852764.9416600056,2869480.4721600055,2797282.116659999,2914791.108159998,2986502.84066,3076047.7396599995,3087769.777159999,2954723.921160002,3004000.400660007,2900302.7806599988
2025-10-16,2867036.903061227,3036753.2985612312,3055432.2070612307,3241822.2305612294,3026253.314561232,2967263.1125612278,3061791.540061231,2781258.497061236,3114347.3440612317,3103491.012061231
2025-10-17,3160650.6789863035,2937205.2364862957,3160650.6789863035,2901239.800986304,2947186.064986299,2845866.176486301,3112588.1414863,3089099.8544863015,2893977.569486299,3100681.044486296
2025-10-18,3018948.1417193133,2940430.534719311,3066867.5717193107,2915195.054219309,3228205.4767193114,3062924.6302193124,3065329.170719302,3069976.0092193154,2963398.376719308,3105113.849719314
2025-10-19,3105340.5761810984,2911889.7686810894,3024790.4116810886,2994735.029681087,3043109.8311810913,2996762.580181086,3077152.4306810885,3058072.1496810955,3072667.936681089,3153497.9371810923
2025-10-20,2996163.78652733,3104526.1875273334,2977731.2960273307,2969444.0005273274,3001031.380527332,2996438.9020273327,2997280.3960273345,2921980.3905273303,2963244.5540273297,3006518.317027332
2025-10-21,2934927.5357515034,2882467.3647514996,3095742.9317515045,3226362.9477515,2908531.476751504,2982988.197251503,3091117.226751504,3009155.3197515034,3035153.621251504,2920366.208751504
2025-10-22,2874953.2564674686,2985296.0549674584,3028518.6374674663,2906622.1124674627,2764737.536967466,2936794.341967464,3214501.923967469,3080708.280967468,3140116.0109674656,2956767.0514674643
2025-10-23,2748538.482313971,2860925.731813968,2909349.5178139703,3029806.136313971,3087463.3163139713,3148053.9628139734,3062460.0993139725,3137549.9663139707,2925922.2183139687,3082570.81331397
2025-10-24,2956752.2974820533,3306365.717482056,3018322.2334820544,2993078.5034820517,3147290.449982053,3106921.7664820547,3044935.8924820535,3005254.0104820477,3258749.1839820477,2811252.206982053
2025-10-25,3091649.068544654,3116251.121044654,3115929.3280446543,3122823.718544654,3043319.3580446523,2913149.338044654,3081047.732044656,3186722.411544657,2767126.1150446543,3077339.8710446516
2025-10-26,3357627.872797606,2990929.0852976097,2984854.266797603,3093217.533797605,3016616.244797606,2874843.19679761,2792564.2037976063,2915400.8477976085,3041343.3712976067,3101136.0967976046
2025-10-27,2990612.9022383513,3058302.829238353,2914180.7187383515,3049324.356738355,2740888.059738351,3011081.567738355,3158534.6572383502,3024652.269738355,2927990.9137383522,2961132.817238347
2025-10-28,2931615.1873629377,3097518.389862942,3124140.7193629406,2935234.9773629396,3228252.0368629405,3146147.5668629413,3095867.8903629407,2703841.393862942,2887724.755862938,2955112.293862942
2025-10-29,3092276.702004117,2695371.348004112,2956428.0710041123,3056743.1790041076,3098600.219504112,3106518.7825041115,3107121.063504109,3016530.2105041165,2965633.1735041123,2915228.8860041127
2025-10-30,2951282.448501778,2958544.6800017827,2909728.887501779,3014373.2155017797,3004490.9440017776,3052033.059501774,2974837.7205017796,2852430.806001777,3046003.5595017755,3101973.379001781
2025-10-31,3048821.7634767178,3004390.4089767183,2985160.3444767115,3038215.9979767143,2838506.8409767193,2908482.253476711,2854458.5834767185,2928908.7404767186,2951348.285976715,2810214.3719767155
2025-11-01,3044827.0333975977,3160441.951397593,3074025.946897592,3055834.03039759,2932334.3393975943,3154576.1113976017,3091774.5778976004,3181376.855397597,3080051.2508975947,3002700.119897593
2025-11-02,3147653.3488057586,2965627.1463057576,3163068.218805762,3098577.0683057588,2987353.901305756,2965627.1463057576,2955653.084305757,3065750.6418057624,2966489.7278057537,2922256.3973057643
2025-11-03,3089758.632331294,3208941.0623312937,3082518.9958312954,2830935.406831294,3118826.1168312933,3160431.3658313015,3070778.203831294,3086830.935831292,3086944.953331293,2933013.7878312944
2025-11-04,3226191.9594389065,3078446.151938905,2935348.355938909,3197931.636938909,3130097.794438908,3197931.636938909,3055565.1894389074,3042884.49243891,2868911.4054389107,3264564.417438902
2025-11-05,3041259.7212378066,2959058.7952378066,3097974.1582378005,3333444.802237802,3109900.3342378004,3069401.5937377964,3338834.896737807,2948756.8527378044,3114192.5282377983,3114472.728237801
2025-11-06,3032829.8693075385,2669623.095307537,2881539.4363075355,3027740.690307536,3016631.3728075344,2893667.75230754,2872933.440307534,3023991.9738075393,2731734.229307536,3070075.3358075367
2025-11-07,3126333.4345502728,2714327.6190502713,2986877.6475502695,2843510.387550269,2840574.3010502663,2840574.3010502663,3056758.16105027,3150559.4130502683,2924795.42905027,3020292.9320502696
2025-11-08,2931233.9251298653,3003130.78062987,3089329.3856298705,3051129.5516298683,2956597.3426298667,2869616.747129867,3020878.1881298698,2968065.4761298695,2926649.72512987,2992209.834629865
2025-11-09,3208830.719420337,3232493.357920337,2964327.4739203355,3010574.396920343,3194854.9204203426,2894259.7834203355,3283480.0144203426,2974070.7599203405,3175305.8784203418,2917570.4234203394
2025-11-10,2982269.054635207,3195450.818635206,2937033.095135213,3003987.2406352065,2926948.7096352093,3080115.7761352127,2894693.5856352104,3230625.7776352065,2936645.9641352086,3054235.2296352084
2025-11-11,3021309.31441472,2726346.1154147196,3166302.9749147194,2966986.327414719,3060269.6234147167,3295687.2564147236,3004520.952414724,3009122.165414724,2740094.222914723,3214478.569414722
2025-11-12,2923403.9212452117,2951838.536745208,3000245.6372452066,2896487.792745208,2985101.1407452063,2987563.6267452072,3113207.203245212,3429109.608745209,3079759.4662452065,2750649.430245208
2025-11-13,2901130.00541972,3023506.97391973,2901130.00541972,3082133.1014197273,2946497.183419724,2968310.2734197252,2731462.2249197257,2862448.534919722,2897513.129419727,2967535.525919724
2025-11-14,3090992.8854124565,3104930.1319124624,3355036.0939124622,3033450.2004124564,3274691.3849124582,3076093.7269124608,3015263.123412463,2984633.0119124656,3194472.538412463,3047272.740912457
2025-11-15,2967029.1863929485,3199523.860892942,2806561.5978929484,2806195.2658929443,3098714.542392947,3034489.8818929507,3213982.508892948,3026691.0658929446,2839928.0238929503,2933266.479392946
2025-11-16,2829603.869373975,2836233.135373971,3313001.362873971,2907088.3738739756,3197161.245373966,2924467.3358739717,2942312.5913739726,3033707.4963739673,2625230.3588739727,2910474.749373973
2025-11-17,2976910.1651905486,2964504.8066905453,2969958.461690544,3027595.573690547,3059654.967690539,2971701.49269055,3329088.2706905496,2948602.241190542,3176759.650690542,3127405.8461905415
2025-11-18,3027387.023886033,2898467.861386033,2976684.907886033,3088632.6698860317,2909513.1898860335,2812658.7273860355,3031329.965386031,3103653.1643860354,2964863.129386033,3144261.923886038
2025-11-19,3080399.4328063005,2956336.614806303,3087347.565306299,3239862.7943062955,3154189.1963063027,3087347.565306299,3000137.8358063046,3055898.420306306,3072602.037306297,3002396.3928063056
2025-11-20,2985445.9146339716,3045492.750133976,3126880.2291339748,3192549.9836339727,2837764.8086339734,2746649.127133974,3227276.520633978,2788608.025133973,3012053.823633978,2958551.796133978
2025-11-21,3046927.1577948704,3033129.8512948686,2930833.220794868,3025844.844794869,2881035.175294865,2993908.5432948736,2962640.1592948674,3156134.5587948677,3027378.0577948666,2847565.5652948674
2025-11-22,3285335.9574290365,2857416.185929037,3118918.9409290426,3122436.6244290397,3124823.8369290424,2755867.383929039,3216947.4959290386,3032100.1324290386,3116594.9094290365,3229123.0529290396
2025-11-23,3217554.3344084243,3137006.6559084253,2945711.906408425,3066572.067408421,3178585.0474084155,3137956.397908427,3132936.3684084276,3017704.4374084235,2841131.1059084213,3351848.931408428
2025-11-24,3122385.748020551,2995275.62902055,3191441.803020546,3082391.867020549,3027584.984520548,3080268.9685205515,3322823.507020545,3028369.535020552,3009237.404020553,3165497.752520543
2025-11-25,3076160.7085069884,3147878.9345069905,3217564.731506983,3020235.741006985,3133908.153006983,2783171.72500699,3068090.743506994,3109143.4180069817,2932433.649506988,3081071.6535069877
2025-11-26,2944755.419734929,3006259.2862349367,2816577.0832349346,2849018.9362349333,2928384.4552349336,3085266.9292349378,3036207.0557349348,3122592.009734936,2990502.941734936,2958075.5172349317
2025-11-27,3045628.350560211,3232196.4850602057,3197680.6025602077,3353862.9870602046,3111057.1615602067,3064156.184060205,3011447.2050602064,3150199.8925602105,2904053.4280602075,3079095.457060204
2025-11-28,3185112.122049862,3012262.0295498576,3033156.5400498593,2953277.589549866,2934048.9135498595,3091759.689049865,3142641.4415498567,3040262.5860498697,2860476.553549866,3159221.9595498596
2025-11-29,3074751.726134931,3062483.1566349315,3136295.281134937,2889354.6326349354,2983538.9991349303,3117827.9756349274,2677278.793134933,3074330.7626349344,2924244.4616349367,3130046.638634934
2025-11-30,2709278.2019313695,3180272.1989313643,3056134.7014313657,3079702.1034313664,3309944.907431361,2995290.1729313675,3102062.2889313707,3357561.440931369,2955945.2574313683,3106970.473931371
2025-12-01,3203860.1969212354,3150763.662421242,3098567.258421235,3000156.256421239,2945809.844421236,2774865.7714212374,3104460.286421239,3073482.162921236,2876247.1924212347,3044253.8839212353
2025-12-02,3266404.1487827413,2896102.160782738,3045583.5227827434,2895841.5682827407,3189223.3332827426,2848611.9027827424,3136693.0727827433,3067195.2237827457,2938006.965282741,2964134.682282742
2025-12-03,3135365.3241904695,2935515.838690476,2957878.5286904746,2912926.29019047,3073111.1171904737,2980034.383190473,3091530.5771904737,3119271.660690472,3056801.66669047,2989731.6376904724
2025-12-04,3104019.629092879,3023781.8005928798,2938356.253592878,3135115.792092877,2985291.3620928777,2904838.330092879,2851398.4025928765,2891028.1350928782,2980244.1855928767,3104019.629092879
2025-12-05,3166971.285315411,3033319.236815412,3182068.5453154095,3180191.554815408,2982648.622815407,3028990.15831541,2978575.9813154074,2933686.9873154075,3081450.745815408,3266105.0943154055
2025-12-06,3098888.259093151,3167407.3710931516,2984693.0100931497,3131437.9055931577,3136457.935093157,2987063.5290931533,2938759.3270931565,3098693.3250931506,3074020.866093155,2987063.5290931533
2025-12-07,3018583.4980154843,3212713.6205154834,3230927.5950154853,3056197.319015484,3167507.412015488,2950255.8880154863,2983556.8045154833,3015975.2410154883,3131182.968015484,3275753.548515487
2025-12-08,3147273.5817912337,3067154.616791236,3324498.3917912357,2887869.597791238,3205386.877291231,3241667.863291231,3235123.595291238,3197823.443791225,2870490.4517912343,3163699.4537912346
2025-12-09,2869196.8995573916,3049388.0825573965,3084061.7375573954,3244333.9770573927,3168668.2325573964,2950506.6500573927,3214795.384557394,3021832.477057392,2939264.5900573917,3118577.6200573933
2025-12-10,3265733.5580619145,3106393.3465619166,3048747.0870619174,3346824.986561913,3225514.8860619213,3144806.6695619193,3208270.621561923,3138942.368061923,3014625.2015619176,2939083.615061919
2025-12-11,2982151.1743647275,3183808.651864722,3139017.71736472,3212189.0973647335,3124118.5588647244,3185025.107364729,3110670.1893647276,3063296.8293647273,3206768.5958647225,3132121.4178647273
2025-12-12,3173899.655627524,2746042.9931275314,3205059.4811275355,3201275.1176275304,3250062.8291275306,3317973.879627525,2981733.9036275344,3089008.9481275333,3106770.518627529,2894084.418127535
2025-12-13,2780361.796323629,3211584.4393236306,2968493.5018236255,3065560.547823631,3030228.709323627,3349702.937323633,3312804.3843236347,3203007.2818236295,2987532.398323631,3155087.851823632
2025-12-14,2963971.436918075,3118004.517918083,3271798.6414180817,3192036.845918073,2896160.275918085,3211058.6064180816,3056105.2514180797,3179080.577418079,2937049.6879180763,3161898.333418083
2025-12-15,3189998.4760934208,3214319.1950934217,3343550.331093428,3345915.0965934247,3284678.5195934284,3168330.640593418,3276059.24709342,3157128.224093422,3336213.961093419,3414786.4125934243
2025-12-16,3183222.8266458935,2796503.967645889,3072512.350145887,3136820.8946458967,2930556.901645886,3056270.730145887,2934488.699145888,2950029.7826458863,2973702.843145887,2920387.9606458913
2025-12-17,3127589.9446831485,2805421.9661831516,2983143.489683151,2805786.328183154,3159317.3456831467,3038796.6491831513,3483861.7021831498,3226079.725183148,3023794.1916831504,3269951.5476831477
2025-12-18,2753944.232863284,3022089.8793632844,3118589.4473632867,3050610.5828632833,3116248.6543632834,3114525.534363284,2976342.4268632857,2997092.237363283,3105932.0263632806,2908802.4798632837
2025-12-19,3141829.0235326714,2994458.384032671,3009506.789032668,3051411.5935326708,3151698.734032674,2806661.123532672,3225186.5180326644,3063843.074532668,3156264.3090326693,3045284.186532673
2025-12-20,3110428.9417646527,2956684.8572646556,3149363.316264655,2963314.1232646517,3116754.449764656,3137515.710264652,3095277.3017646554,3115818.1942646517,2853860.1487646517,3150376.328764654
2025-12-21,3209196.466086984,2829789.017586984,2962097.990586981,3146263.2285869876,3278350.433586986,3101459.2960869796,2978879.100586981,3440005.169586986,3349926.3230869817,3128632.640586986
2025-12-22,3058852.2404010897,3133498.98840109,3020565.518901095,3065252.312901095,3103656.1729010977,2875727.8889010954,3271020.9984010966,3025321.1119010933,3185652.765401093,2919490.9349010913
2025-12-23,3171581.5765840397,3220882.248084038,3184290.1780840433,3120264.4485840364,3025082.1155840373,2891230.529584036,3237562.3040840337,3033054.719084042,3179106.26158404,3012235.624584037
2025-12-24,3078877.0897430107,3116069.9822430117,3053424.349243007,3066582.974243011,2914187.4172430113,3055234.069743009,2947657.027243009,2775008.171743013,2918866.0627430105,2970734.678743015
2025-12-25,3142526.4293363662,3041130.47033637,2942478.5878363643,3173865.0873363684,3175776.4393363716,3162496.6423363686,3198311.2798363655,3048792.6778363683,3291943.9063363643,3172474.0363363666
2025-12-26,3249116.452773964,3264276.9637739663,2985538.450773972,3158215.366773971,3186911.1817739652,3076157.9907739675,3096413.7322739693,3190646.425773969,2987544.642773969,3118489.4102739687
2025-12-27,3212553.4349273248,3011019.0674273204,3211033.3599273222,3071571.169427327,2938751.759927323,3244578.4819273255,3205644.1074273232,3089419.0389273283,3090241.3374273246,3016891.8334273235
2025-12-28,3239476.660448638,3055549.373448633,3106804.448948634,3243725.813448631,3049421.9664486353,2998596.1639486332,2959888.986448631,3081228.9049486346,2964960.1904486306,3045850.6439486323
2025-12-29,3185026.8757152744,3250510.025215278,3237353.5027152756,3163937.5072152796,2917421.178215282,3114628.21021527,3101843.1702152756,3075745.9677152717,3081857.911215276,2991580.410715277
2025-12-30,3200118.269393418,3020356.642893422,3001695.348893425,3064313.4398934217,3338845.4348934223,3238122.844393421,3059508.706893425,3210080.9613934243,3325292.273893426,3006389.8988934206
2025-12-31,3138171.980166089,3087199.494666098,3259874.979666093,3218593.1571660945,3042435.496666093,2918987.7836660915,3335265.629666098,2945753.9176660934,3264753.700666093,3139979.35316609
